,input_size,kernel_num,dense_size,dropout,lr,batch_size,kernel_size,pool_size,epochs,dense_num,conv_size,l2_regularization,seed,val_corr,val_corr_std,val_mse,val_mse_std
0,90,2,"[32, 128, 128]","[0.1, 0.5, 0.1, 0.2, 0.2, 0.2]",0.001,64,"[32, 42, 87]","[36, 29, 4]",8,1,"[64, 32, 32]","[0.0005, 0.005, 0.01]",9940,0.6733512756312082,0.031355469523062944,0.2881947653167312,0.021980998901840722
1,80,3,"[16, 32, 128]","[0.5, 0.3, 0.5, 0.2, 0.1, 0.1]",0.0005,32,"[26, 46, 57]","[27, 29, 8]",5,1,"[32, 16, 64]","[0.0005, 0.001, 0.005]",5695,0.7564611555456202,0.0021376887556772816,0.23291581450056817,0.005846354948066329
2,120,2,"[32, 16, 16]","[0.3, 0.3, 0.2, 0.1, 0.3, 0.4]",0.0005,32,"[51, 119, 113]","[64, 1, 5]",9,2,"[128, 16, 32]","[0.0005, 0.0005, 0.0005]",9584,0.7466427791591818,0.009275461882387369,0.2336259771832557,0.004791871021524823
3,120,3,"[128, 128, 32]","[0.5, 0.4, 0.1, 0.4, 0.1, 0.1]",0.0005,16,"[8, 46, 13]","[20, 14, 78]",8,2,"[32, 128, 128]","[0.0001, 0.0005, 0.001]",5381,0.7260575213660863,0.019496703804084553,0.2859424307067014,0.03737079761488519
4,90,3,"[32, 64, 16]","[0.2, 0.5, 0.5, 0.4, 0.1, 0.1]",0.001,128,"[33, 39, 13]","[3, 39, 71]",2,2,"[32, 128, 32]","[0.001, 0.0001, 0.0005]",1307,0.7540360096980994,0.005473095492862719,0.23729349072777597,0.006098370237609698
5,100,2,"[32, 16, 64]","[0.4, 0.5, 0.4, 0.4, 0.5, 0.2]",0.001,64,"[16, 82, 82]","[1, 7, 14]",7,2,"[32, 16, 128]","[0.01, 0.01, 0.001]",6950,0.747012678388201,0.0052348250217939644,0.25955092358868903,0.012610936877789436
6,100,3,"[64, 128, 64]","[0.5, 0.4, 0.5, 0.3, 0.4, 0.4]",0.001,64,"[94, 37, 63]","[4, 62, 38]",8,1,"[64, 128, 32]","[0.0001, 0.0005, 0.0001]",268,0.7551225170941347,0.004271444143446979,0.23573840564206394,0.008690648987560659
7,120,3,"[64, 16, 128]","[0.5, 0.3, 0.3, 0.5, 0.2, 0.2]",0.005,64,"[14, 73, 103]","[105, 4, 8]",2,2,"[32, 128, 16]","[0.0005, 0.005, 0.001]",9409,0.0,0.0,0.0,0.0
8,100,3,"[64, 16, 16]","[0.1, 0.5, 0.3, 0.4, 0.3, 0.5]",0.005,32,"[17, 79, 46]","[22, 1, 47]",9,2,"[16, 128, 128]","[0.0001, 0.001, 0.01]",2385,0.0,0.0,0.0,0.0
9,140,3,"[128, 128, 128]","[0.5, 0.2, 0.3, 0.4, 0.3, 0.5]",0.0001,128,"[101, 51, 26]","[28, 83, 20]",1,1,"[32, 128, 64]","[0.0001, 0.0005, 0.01]",5095,0.5892058416805237,0.02132073005047848,0.40576634285254504,0.00746767177621959
10,100,1,"[32, 16, 64]","[0.2, 0.3, 0.1, 0.4, 0.5, 0.4]",0.01,64,"[99, 26, 64]","[1, 22, 26]",8,2,"[16, 32, 32]","[0.0001, 0.0005, 0.005]",6498,0.5840863003922443,0.12772634117559414,0.3696389608116762,0.04112451027594844
11,80,1,"[16, 128, 64]","[0.3, 0.5, 0.1, 0.3, 0.5, 0.5]",0.0005,32,"[70, 39, 3]","[11, 11, 50]",4,1,"[128, 16, 128]","[0.0001, 0.005, 0.001]",9145,0.7353397113067447,0.009936246775276913,0.24952824207604632,0.020264268793447514
12,70,1,"[128, 16, 16]","[0.4, 0.3, 0.2, 0.1, 0.3, 0.3]",0.0005,32,"[4, 28, 18]","[38, 13, 16]",4,2,"[128, 16, 32]","[0.01, 0.01, 0.01]",6313,0.38662645427371495,0.009234593468587836,0.44751914093691664,0.006038289749909872
13,80,1,"[128, 32, 128]","[0.1, 0.5, 0.2, 0.1, 0.4, 0.5]",0.0005,128,"[44, 25, 6]","[26, 41, 59]",8,2,"[16, 32, 64]","[0.001, 0.005, 0.01]",4556,0.7068262855309418,0.007876897189447552,0.2570910356168071,0.005961055333996306
14,80,3,"[64, 32, 16]","[0.5, 0.1, 0.3, 0.5, 0.3, 0.1]",0.0001,64,"[68, 56, 67]","[3, 23, 1]",1,1,"[32, 16, 32]","[0.005, 0.001, 0.0005]",8458,0.6983550200656631,0.017579608115777055,0.2870810240563591,0.01107783471866029
15,80,2,"[64, 128, 128]","[0.2, 0.2, 0.1, 0.4, 0.5, 0.2]",0.0005,32,"[45, 66, 62]","[10, 1, 16]",7,1,"[128, 64, 32]","[0.0005, 0.0001, 0.001]",2446,0.7482971136187319,0.009999096466188557,0.2337630917702215,0.00995498915052167
16,120,3,"[64, 32, 16]","[0.4, 0.1, 0.3, 0.5, 0.5, 0.1]",0.0005,16,"[118, 91, 94]","[1, 5, 2]",1,2,"[128, 32, 128]","[0.0001, 0.01, 0.01]",7009,0.7093813258576892,0.01700819506404993,0.3628140313196597,0.038619107127970724
17,110,1,"[32, 128, 32]","[0.2, 0.2, 0.4, 0.2, 0.5, 0.5]",0.0005,128,"[102, 26, 10]","[9, 20, 78]",9,1,"[16, 128, 128]","[0.01, 0.005, 0.01]",6013,0.7198065651355368,0.006802456777465542,0.25096239376897655,0.007029590941957449
18,130,3,"[32, 32, 64]","[0.3, 0.5, 0.3, 0.2, 0.1, 0.4]",0.0005,64,"[89, 3, 85]","[19, 13, 27]",5,2,"[32, 16, 128]","[0.0005, 0.01, 0.01]",6206,0.7244743849873938,0.005187754648554514,0.24825482317221512,0.004363053668358321
19,80,1,"[64, 128, 16]","[0.4, 0.1, 0.4, 0.4, 0.2, 0.4]",0.01,128,"[60, 74, 65]","[14, 3, 5]",8,1,"[32, 128, 128]","[0.0001, 0.0005, 0.0005]",9799,0.7312039992813801,0.006840533306974201,0.24487093542624971,0.005082500942249927
20,70,3,"[64, 128, 64]","[0.2, 0.2, 0.2, 0.3, 0.5, 0.2]",0.0001,16,"[6, 9, 23]","[54, 49, 20]",3,1,"[16, 32, 128]","[0.001, 0.01, 0.0001]",2321,0.7453026941290518,0.0022097129201111526,0.23526650873358412,0.001979446152903031
21,140,2,"[64, 16, 128]","[0.3, 0.3, 0.1, 0.2, 0.3, 0.1]",0.005,32,"[31, 133, 123]","[100, 5, 12]",6,2,"[64, 64, 128]","[0.01, 0.01, 0.0005]",5894,0.0,0.0,0.0,0.0
22,140,3,"[128, 128, 64]","[0.1, 0.2, 0.5, 0.2, 0.5, 0.3]",0.001,32,"[3, 111, 12]","[44, 6, 124]",6,2,"[16, 128, 32]","[0.005, 0.0001, 0.01]",4206,0.7220349337140655,0.010468743031167864,0.26661223199398676,0.0075896474881616575
23,140,1,"[16, 32, 32]","[0.2, 0.4, 0.4, 0.5, 0.2, 0.4]",0.005,128,"[107, 50, 61]","[24, 62, 17]",4,1,"[32, 32, 16]","[0.0005, 0.0001, 0.01]",9311,0.7213359240311131,0.012572706821284654,0.2685545254980205,0.01651186128819848
24,120,2,"[128, 32, 128]","[0.2, 0.4, 0.4, 0.4, 0.5, 0.1]",0.0005,16,"[33, 9, 15]","[9, 35, 32]",5,2,"[64, 64, 32]","[0.001, 0.0001, 0.005]",1940,0.7525582877029163,0.0053332004926362085,0.247217199703766,0.017448455987859376
25,130,3,"[16, 32, 32]","[0.4, 0.2, 0.4, 0.4, 0.1, 0.2]",0.01,64,"[70, 41, 16]","[29, 90, 95]",9,1,"[16, 16, 128]","[0.0001, 0.0005, 0.0001]",5088,0.0,0.0,0.0,0.0
26,120,2,"[32, 128, 64]","[0.3, 0.1, 0.3, 0.3, 0.3, 0.5]",0.01,64,"[82, 50, 42]","[30, 55, 52]",3,2,"[16, 32, 32]","[0.01, 0.0005, 0.001]",7048,0.0,0.0,0.0,0.0
27,110,1,"[64, 32, 32]","[0.1, 0.1, 0.5, 0.2, 0.5, 0.5]",0.0001,32,"[9, 75, 39]","[46, 30, 47]",5,2,"[16, 32, 64]","[0.01, 0.01, 0.0001]",3895,0.6206448650109676,0.010488549702180893,0.33728196245160574,0.005432375153334875
28,110,3,"[64, 16, 128]","[0.3, 0.4, 0.5, 0.1, 0.3, 0.3]",0.0005,128,"[38, 108, 70]","[63, 1, 24]",5,2,"[32, 32, 128]","[0.0005, 0.001, 0.001]",1491,0.7479055110186162,0.013173935159383369,0.2397598213461767,0.017226030429633728
29,80,2,"[128, 32, 32]","[0.5, 0.2, 0.1, 0.5, 0.5, 0.3]",0.005,64,"[75, 26, 77]","[6, 45, 1]",3,2,"[16, 64, 128]","[0.005, 0.0005, 0.01]",2201,0.712625801329104,0.030345039628927484,0.32579712300091,0.046991949407644
30,70,3,"[64, 32, 16]","[0.2, 0.4, 0.3, 0.5, 0.3, 0.1]",0.0005,32,"[20, 50, 3]","[31, 14, 53]",1,1,"[32, 64, 128]","[0.005, 0.0001, 0.0001]",3890,0.7335132569530319,0.0037551051086452286,0.2626373498065757,0.010265196121100563
31,120,3,"[32, 64, 16]","[0.5, 0.1, 0.2, 0.1, 0.2, 0.2]",0.001,32,"[97, 11, 64]","[14, 94, 4]",8,2,"[16, 32, 32]","[0.0001, 0.0001, 0.005]",2536,0.7575060642356112,0.00790064464994935,0.22612943590415283,0.009597706756680306
32,140,2,"[16, 32, 128]","[0.1, 0.3, 0.2, 0.4, 0.4, 0.3]",0.01,128,"[77, 13, 94]","[9, 21, 23]",9,2,"[16, 16, 32]","[0.005, 0.01, 0.005]",1253,0.0,0.0,0.0,0.0
33,110,1,"[128, 64, 64]","[0.5, 0.5, 0.5, 0.5, 0.3, 0.4]",0.001,128,"[3, 73, 71]","[1, 30, 15]",9,1,"[128, 64, 64]","[0.0001, 0.01, 0.01]",5089,0.7364240379686661,0.010054701977250705,0.25815229037960674,0.015361421296393134
34,120,1,"[32, 64, 128]","[0.1, 0.3, 0.2, 0.3, 0.1, 0.3]",0.01,64,"[16, 97, 97]","[92, 12, 2]",3,1,"[64, 32, 64]","[0.0001, 0.01, 0.0001]",4898,0.0,0.0,0.0,0.0
35,130,3,"[128, 128, 64]","[0.1, 0.2, 0.3, 0.2, 0.3, 0.3]",0.0001,64,"[108, 26, 117]","[5, 29, 7]",9,2,"[64, 32, 128]","[0.01, 0.01, 0.005]",814,0.6918847072175883,0.008937788724011487,0.2711012173111296,0.009405281438088536
36,80,2,"[64, 16, 32]","[0.5, 0.1, 0.1, 0.1, 0.4, 0.2]",0.01,128,"[65, 35, 16]","[1, 35, 14]",4,1,"[128, 64, 16]","[0.001, 0.0001, 0.01]",4901,0.0,0.0,0.0,0.0
37,100,1,"[128, 32, 128]","[0.3, 0.3, 0.2, 0.4, 0.1, 0.4]",0.005,128,"[34, 20, 98]","[47, 19, 3]",5,2,"[32, 128, 128]","[0.01, 0.001, 0.01]",1629,0.6931321155519822,0.016142425127693108,0.28132459574690644,0.013632919463106049
38,90,3,"[32, 64, 32]","[0.1, 0.1, 0.1, 0.4, 0.4, 0.5]",0.01,16,"[18, 56, 41]","[7, 15, 28]",6,2,"[128, 128, 16]","[0.0001, 0.005, 0.005]",3394,0.0,0.0,0.0,0.0
39,80,1,"[32, 64, 64]","[0.3, 0.5, 0.5, 0.3, 0.1, 0.5]",0.005,32,"[52, 34, 64]","[14, 37, 13]",8,2,"[128, 64, 32]","[0.001, 0.0001, 0.0005]",7613,0.7265281444857861,0.006014214269975172,0.2687247257884396,0.008848011352492512
40,90,1,"[128, 32, 16]","[0.4, 0.5, 0.2, 0.1, 0.2, 0.1]",0.0001,32,"[70, 29, 79]","[12, 40, 3]",1,2,"[32, 32, 128]","[0.01, 0.005, 0.0005]",2806,0.7044890508963682,0.005673213881914031,0.2742387771757024,0.0038978188063651716
41,90,3,"[32, 16, 128]","[0.1, 0.1, 0.1, 0.1, 0.1, 0.1]",0.0005,128,"[11, 78, 78]","[75, 4, 12]",2,1,"[16, 64, 32]","[0.0001, 0.001, 0.001]",3422,0.738467752293635,0.004733983409822102,0.2377871060075535,0.005630124931139229
42,130,1,"[128, 128, 64]","[0.4, 0.1, 0.3, 0.1, 0.3, 0.5]",0.001,16,"[106, 107, 79]","[14, 3, 20]",3,2,"[32, 16, 16]","[0.0005, 0.001, 0.005]",4166,0.7161809423880706,0.0028081112917679413,0.2570357514549661,0.008676809089490884
43,130,2,"[16, 64, 64]","[0.4, 0.2, 0.1, 0.3, 0.2, 0.3]",0.005,16,"[54, 46, 50]","[2, 16, 34]",5,2,"[16, 64, 16]","[0.0001, 0.0001, 0.0005]",5306,0.0,0.0,0.0,0.0
44,80,2,"[128, 128, 128]","[0.5, 0.1, 0.3, 0.3, 0.1, 0.5]",0.0001,16,"[57, 71, 75]","[17, 1, 5]",7,1,"[128, 32, 128]","[0.01, 0.001, 0.01]",4985,0.7577490548949756,0.0033828949704633187,0.2268794252912488,0.0027602540269948983
45,100,3,"[16, 128, 128]","[0.3, 0.2, 0.4, 0.1, 0.5, 0.4]",0.01,16,"[61, 64, 43]","[22, 10, 37]",1,1,"[128, 64, 128]","[0.001, 0.005, 0.005]",6424,0.0,0.0,0.0,0.0
46,110,1,"[64, 128, 64]","[0.4, 0.1, 0.5, 0.3, 0.2, 0.5]",0.001,32,"[79, 28, 66]","[9, 10, 13]",2,2,"[64, 64, 128]","[0.001, 0.01, 0.001]",546,0.7356394572454152,0.004050654311122624,0.25087935207734374,0.01723277112068385
47,110,1,"[64, 64, 64]","[0.2, 0.4, 0.1, 0.3, 0.3, 0.4]",0.0005,16,"[13, 67, 47]","[63, 29, 46]",7,1,"[64, 32, 16]","[0.005, 0.0005, 0.01]",3376,0.6726569002511394,0.01880177476158213,0.29908215402028854,0.019244208210598426
48,120,2,"[128, 16, 128]","[0.4, 0.1, 0.1, 0.3, 0.4, 0.1]",0.005,128,"[57, 25, 68]","[5, 90, 33]",4,2,"[128, 128, 128]","[0.005, 0.0001, 0.01]",3675,0.7468846717387216,0.008490411175430843,0.2634767552209271,0.021867094240978067
49,70,1,"[128, 64, 64]","[0.4, 0.5, 0.5, 0.3, 0.5, 0.1]",0.0001,32,"[42, 63, 59]","[15, 7, 7]",8,1,"[128, 64, 32]","[0.005, 0.005, 0.01]",217,0.7257173835268302,0.006628038391727051,0.2460755539185978,0.005409934877247518
50,90,3,"[16, 128, 16]","[0.4, 0.2, 0.5, 0.1, 0.5, 0.4]",0.01,16,"[9, 71, 87]","[22, 8, 4]",6,1,"[128, 16, 32]","[0.0005, 0.0005, 0.0001]",9870,0.0,0.0,0.0,0.0
51,120,2,"[128, 64, 128]","[0.5, 0.3, 0.3, 0.5, 0.3, 0.5]",0.01,32,"[19, 107, 112]","[38, 14, 3]",2,2,"[64, 16, 128]","[0.005, 0.0005, 0.0005]",8318,0.0,0.0,0.0,0.0
52,80,2,"[128, 32, 32]","[0.5, 0.1, 0.2, 0.2, 0.4, 0.4]",0.0005,64,"[21, 59, 41]","[29, 14, 38]",1,2,"[16, 128, 16]","[0.01, 0.01, 0.0005]",3034,0.731063220442601,0.007839100523864724,0.24216230189801302,0.003959468493873799
53,130,1,"[128, 32, 128]","[0.2, 0.3, 0.4, 0.5, 0.1, 0.4]",0.01,128,"[96, 123, 119]","[30, 1, 4]",9,1,"[128, 32, 32]","[0.0005, 0.0005, 0.005]",4450,0.6876787540779453,0.015885987274137377,0.29908020350319475,0.025890118663094326
54,140,2,"[32, 64, 16]","[0.4, 0.3, 0.1, 0.3, 0.4, 0.1]",0.0005,16,"[63, 90, 58]","[69, 5, 72]",9,2,"[16, 64, 32]","[0.0001, 0.001, 0.005]",3156,0.7398469066176245,0.005918736940092924,0.2626548969661428,0.009830137052690256
55,120,2,"[128, 32, 64]","[0.1, 0.4, 0.5, 0.5, 0.5, 0.2]",0.0005,16,"[80, 104, 3]","[12, 11, 35]",9,1,"[16, 16, 128]","[0.0005, 0.01, 0.01]",5441,0.7121835246072457,0.0015338065883940032,0.2611585968500236,0.0007930942020238962
56,110,2,"[16, 64, 128]","[0.4, 0.1, 0.5, 0.5, 0.5, 0.2]",0.005,32,"[83, 22, 74]","[25, 17, 25]",2,2,"[64, 64, 16]","[0.0001, 0.0001, 0.0005]",5986,0.0,0.0,0.0,0.0
57,120,3,"[16, 32, 16]","[0.5, 0.5, 0.5, 0.5, 0.3, 0.5]",0.0005,16,"[85, 118, 96]","[32, 3, 8]",4,2,"[64, 32, 128]","[0.0001, 0.0001, 0.005]",962,0.7297536135780606,0.0027902402098356344,0.33381854111084125,0.015229437236136094
58,140,3,"[128, 64, 64]","[0.1, 0.5, 0.3, 0.4, 0.4, 0.4]",0.0005,128,"[111, 8, 65]","[9, 45, 32]",7,1,"[128, 128, 64]","[0.001, 0.0005, 0.01]",1298,0.6858058749512446,0.01646098842037194,0.2791761466043546,0.015314964177914612
59,110,3,"[32, 128, 32]","[0.3, 0.2, 0.2, 0.1, 0.3, 0.5]",0.01,32,"[103, 60, 42]","[6, 42, 36]",7,1,"[16, 64, 64]","[0.0005, 0.001, 0.001]",4385,0.0,0.0,0.0,0.0
60,130,1,"[128, 64, 128]","[0.1, 0.5, 0.5, 0.2, 0.3, 0.3]",0.0005,16,"[76, 80, 8]","[45, 36, 77]",8,1,"[128, 64, 128]","[0.001, 0.001, 0.01]",8809,0.7226016459437932,0.014462264836540027,0.2516296530191199,0.006239928661169172
61,140,1,"[32, 32, 32]","[0.4, 0.2, 0.5, 0.3, 0.4, 0.2]",0.001,16,"[23, 10, 115]","[26, 69, 21]",7,2,"[16, 32, 32]","[0.0005, 0.0005, 0.001]",6016,0.7391241007166677,0.0011603964184279407,0.26401337481467896,0.011393475864181074
62,110,1,"[32, 128, 64]","[0.3, 0.5, 0.1, 0.3, 0.2, 0.2]",0.0005,16,"[58, 67, 76]","[47, 3, 33]",9,1,"[64, 64, 16]","[0.0005, 0.0005, 0.005]",2070,0.7224805418636308,0.0038048438624040597,0.252950835601948,0.004717932083315122
63,110,1,"[16, 16, 64]","[0.2, 0.3, 0.3, 0.1, 0.1, 0.4]",0.001,128,"[100, 74, 72]","[9, 17, 12]",9,1,"[64, 64, 32]","[0.0001, 0.0001, 0.001]",5635,0.7105914307348337,0.005366006195097456,0.25773819438488493,0.0027829239397029826
64,110,2,"[128, 64, 16]","[0.4, 0.3, 0.4, 0.5, 0.3, 0.5]",0.01,128,"[45, 23, 93]","[7, 25, 7]",6,2,"[128, 64, 128]","[0.0001, 0.01, 0.01]",3171,0.7425332851364352,0.0018556908738210027,0.3257833788884516,0.02442157981025813
65,70,1,"[32, 64, 128]","[0.5, 0.3, 0.4, 0.3, 0.1, 0.4]",0.005,64,"[14, 47, 48]","[26, 9, 11]",9,1,"[16, 128, 32]","[0.005, 0.01, 0.001]",321,0.716012668652104,0.006610852250999731,0.2575399269998518,0.0040949798454281315
66,140,2,"[128, 64, 64]","[0.5, 0.3, 0.2, 0.4, 0.5, 0.1]",0.01,32,"[11, 35, 40]","[119, 72, 16]",2,2,"[128, 128, 32]","[0.0001, 0.01, 0.005]",119,0.0,0.0,0.0,0.0
67,100,1,"[16, 128, 64]","[0.5, 0.1, 0.1, 0.3, 0.5, 0.2]",0.01,64,"[22, 86, 32]","[59, 13, 53]",1,1,"[16, 64, 64]","[0.0001, 0.0001, 0.01]",6412,0.6119594755118086,0.017780245056070662,0.37010072234002767,0.03465066741720798
68,140,1,"[64, 128, 128]","[0.1, 0.2, 0.3, 0.1, 0.1, 0.1]",0.01,64,"[115, 126, 51]","[19, 2, 52]",3,1,"[64, 128, 16]","[0.0005, 0.01, 0.0005]",8201,0.7122875074536209,0.0060353020875090774,0.2661577444069611,0.010553639370458383
69,130,3,"[32, 128, 32]","[0.5, 0.3, 0.4, 0.3, 0.2, 0.3]",0.001,32,"[96, 23, 35]","[15, 64, 80]",1,2,"[32, 128, 32]","[0.01, 0.0005, 0.005]",3237,0.7246193873892922,0.003489352283101431,0.2602290636734619,0.0066716226119489805
70,130,2,"[32, 16, 128]","[0.2, 0.2, 0.1, 0.4, 0.2, 0.2]",0.0001,64,"[30, 48, 78]","[79, 75, 23]",9,1,"[32, 16, 32]","[0.005, 0.005, 0.0001]",6819,0.6016352670833434,0.006363836011729213,0.33933904613529897,0.0017203120542594696
71,140,3,"[64, 32, 128]","[0.3, 0.3, 0.1, 0.1, 0.5, 0.2]",0.01,16,"[59, 99, 127]","[38, 34, 7]",1,1,"[64, 32, 128]","[0.01, 0.005, 0.01]",4417,0.0,0.0,0.0,0.0
72,70,1,"[128, 128, 32]","[0.2, 0.2, 0.1, 0.1, 0.2, 0.4]",0.0001,64,"[37, 10, 32]","[4, 9, 1]",2,2,"[128, 128, 64]","[0.001, 0.0001, 0.0001]",1844,0.750724903099076,0.003992559134274468,0.22917884394157662,0.002770916080046666
73,130,3,"[64, 16, 64]","[0.5, 0.4, 0.4, 0.4, 0.2, 0.2]",0.005,32,"[29, 114, 88]","[67, 12, 5]",1,2,"[128, 128, 64]","[0.0001, 0.005, 0.0001]",8677,0.0,0.0,0.0,0.0
74,70,2,"[64, 128, 16]","[0.4, 0.4, 0.1, 0.5, 0.1, 0.3]",0.0005,32,"[3, 18, 28]","[40, 11, 28]",2,2,"[16, 128, 64]","[0.001, 0.0001, 0.005]",7215,0.753910374890706,0.006135440566128425,0.25925913191564487,0.011654825275655893
75,90,2,"[64, 128, 64]","[0.4, 0.2, 0.3, 0.3, 0.1, 0.1]",0.005,32,"[24, 32, 23]","[21, 6, 57]",6,2,"[64, 128, 128]","[0.0005, 0.0001, 0.005]",387,0.7369367788524337,0.007497726693774635,0.27834711758290215,0.010992998910607652
76,140,3,"[128, 64, 128]","[0.3, 0.5, 0.5, 0.2, 0.3, 0.5]",0.0001,16,"[3, 44, 73]","[11, 51, 18]",2,1,"[64, 32, 32]","[0.0001, 0.001, 0.005]",3379,0.7172173696380989,0.0028493393284371275,0.2524344435850887,0.0015547936092545436
77,140,3,"[64, 32, 16]","[0.4, 0.4, 0.2, 0.3, 0.3, 0.3]",0.005,32,"[117, 91, 27]","[12, 10, 35]",5,1,"[16, 128, 128]","[0.001, 0.0005, 0.0005]",8684,0.0,0.0,0.0,0.0
78,100,2,"[16, 16, 32]","[0.3, 0.1, 0.3, 0.5, 0.3, 0.5]",0.01,32,"[14, 26, 25]","[83, 54, 9]",6,1,"[64, 32, 32]","[0.001, 0.0005, 0.0001]",5569,0.0,0.0,0.0,0.0
79,100,3,"[32, 64, 16]","[0.3, 0.1, 0.3, 0.1, 0.5, 0.4]",0.01,16,"[70, 100, 47]","[14, 1, 20]",5,1,"[16, 64, 128]","[0.001, 0.0005, 0.01]",9643,0.0,0.0,0.0,0.0
80,90,2,"[128, 128, 64]","[0.5, 0.2, 0.4, 0.5, 0.2, 0.5]",0.0005,16,"[21, 22, 31]","[34, 34, 2]",9,2,"[128, 16, 16]","[0.01, 0.005, 0.001]",918,0.7155359417276707,0.006488330847336004,0.26143024410644244,0.010676161247898037
81,70,1,"[16, 128, 64]","[0.1, 0.3, 0.5, 0.4, 0.3, 0.3]",0.01,32,"[38, 52, 51]","[32, 6, 6]",2,2,"[128, 32, 32]","[0.0005, 0.0005, 0.005]",342,0.0,0.0,0.0,0.0
82,80,3,"[32, 64, 16]","[0.2, 0.5, 0.2, 0.4, 0.5, 0.1]",0.001,128,"[7, 64, 55]","[25, 1, 9]",4,2,"[128, 64, 128]","[0.005, 0.0005, 0.005]",3054,0.7455294753839544,0.0073122086784239955,0.3034808224570061,0.002135155609749123
83,140,1,"[128, 16, 16]","[0.1, 0.4, 0.3, 0.1, 0.3, 0.2]",0.0001,64,"[53, 43, 133]","[23, 70, 7]",8,2,"[32, 128, 64]","[0.01, 0.005, 0.001]",2426,0.7219142673407347,0.004840734865172188,0.2470565355580816,0.002607437330046565
84,90,1,"[16, 128, 128]","[0.5, 0.3, 0.1, 0.4, 0.1, 0.5]",0.0005,16,"[49, 55, 53]","[37, 11, 26]",9,1,"[64, 32, 16]","[0.005, 0.0005, 0.0001]",1891,0.7328337006694547,0.008251574313667255,0.26348438035727634,0.007457060442890531
85,140,1,"[32, 64, 64]","[0.3, 0.2, 0.3, 0.5, 0.1, 0.1]",0.0005,16,"[70, 69, 95]","[71, 28, 28]",6,1,"[16, 32, 32]","[0.001, 0.0001, 0.005]",6721,0.6770206386947888,0.011377907680612939,0.28187896301888427,0.006545616392762608
86,100,1,"[32, 64, 16]","[0.1, 0.4, 0.1, 0.4, 0.1, 0.1]",0.0005,128,"[99, 23, 19]","[1, 27, 22]",3,1,"[64, 16, 128]","[0.001, 0.001, 0.001]",1755,0.7348465099831004,0.0021668711573733304,0.24897147507497044,0.00425518209483862
87,130,3,"[64, 32, 128]","[0.5, 0.5, 0.5, 0.5, 0.2, 0.2]",0.001,64,"[34, 111, 36]","[17, 14, 19]",2,1,"[16, 128, 128]","[0.0005, 0.001, 0.001]",354,0.7364919644901029,0.003253510258342334,0.24423923185397864,0.007566455429360851
88,110,2,"[128, 128, 32]","[0.4, 0.2, 0.5, 0.1, 0.2, 0.3]",0.005,128,"[15, 11, 73]","[83, 53, 21]",6,2,"[16, 32, 16]","[0.0005, 0.005, 0.01]",3157,0.6221009300129636,0.00735691244270136,0.3371519492388127,0.005671105365685817
89,80,1,"[16, 16, 128]","[0.5, 0.1, 0.5, 0.4, 0.5, 0.4]",0.0005,128,"[77, 63, 38]","[4, 2, 10]",9,1,"[32, 64, 16]","[0.01, 0.0005, 0.01]",481,0.7408614423893084,0.005570849706312582,0.24669346805533698,0.0054230847175207415
90,100,1,"[128, 32, 16]","[0.4, 0.3, 0.3, 0.5, 0.4, 0.3]",0.001,128,"[36, 30, 25]","[11, 53, 34]",5,1,"[16, 128, 16]","[0.01, 0.005, 0.0001]",5222,0.7540588400848588,0.002608897898314049,0.23143106171328787,0.0064658055408631804
91,70,3,"[16, 16, 64]","[0.5, 0.2, 0.5, 0.3, 0.2, 0.5]",0.001,64,"[20, 67, 27]","[47, 2, 9]",6,2,"[32, 16, 64]","[0.0005, 0.0005, 0.005]",2183,0.7557058612526927,0.007892028423309671,0.2612225707395743,0.001975046211107124
92,70,1,"[64, 128, 32]","[0.3, 0.4, 0.1, 0.4, 0.1, 0.1]",0.001,64,"[34, 41, 63]","[34, 27, 7]",8,2,"[128, 32, 128]","[0.005, 0.0005, 0.005]",4985,0.7364047976138144,0.004194797391721178,0.2628263439184007,0.021086256943627275
93,130,3,"[32, 128, 64]","[0.5, 0.4, 0.5, 0.4, 0.1, 0.4]",0.0005,32,"[89, 59, 50]","[28, 34, 37]",5,1,"[128, 32, 128]","[0.001, 0.001, 0.0001]",8073,0.7361006362732994,0.01028408006936445,0.24842205757863647,0.010820167346748993
94,90,2,"[16, 128, 32]","[0.2, 0.5, 0.3, 0.2, 0.2, 0.2]",0.005,16,"[84, 23, 75]","[4, 16, 12]",9,1,"[64, 128, 128]","[0.0001, 0.0001, 0.0001]",8355,0.0,0.0,0.0,0.0
95,110,2,"[64, 16, 32]","[0.3, 0.4, 0.4, 0.1, 0.5, 0.5]",0.0001,16,"[54, 20, 97]","[26, 45, 1]",6,1,"[16, 64, 64]","[0.01, 0.005, 0.0001]",4744,0.7294601417783081,0.0036578490897795977,0.24430481284668862,0.0020473381371442006
96,90,3,"[32, 64, 16]","[0.1, 0.2, 0.5, 0.4, 0.1, 0.4]",0.001,64,"[62, 26, 60]","[13, 57, 14]",7,1,"[32, 32, 32]","[0.005, 0.0005, 0.005]",3429,0.7557747767868904,0.0065254579182757585,0.2335706275204322,0.010258842187639988
97,140,3,"[32, 64, 16]","[0.3, 0.3, 0.1, 0.1, 0.2, 0.5]",0.0005,16,"[12, 26, 15]","[43, 100, 102]",2,2,"[64, 64, 128]","[0.0005, 0.01, 0.0005]",3185,0.6740025665958295,0.007686975273857475,0.2895356696687103,0.004505435817645551
98,70,1,"[32, 64, 128]","[0.4, 0.2, 0.4, 0.4, 0.1, 0.1]",0.01,64,"[46, 20, 68]","[5, 26, 3]",9,1,"[128, 64, 16]","[0.0005, 0.001, 0.001]",4263,0.0,0.0,0.0,0.0
99,100,2,"[16, 32, 128]","[0.3, 0.4, 0.3, 0.4, 0.5, 0.3]",0.0001,64,"[89, 50, 53]","[11, 4, 20]",8,2,"[32, 16, 32]","[0.01, 0.005, 0.0001]",7573,0.7289216158521739,0.0023119741738459295,0.27636002735213433,0.006853521044458076
100,80,1,"[32, 128, 64]","[0.3, 0.2, 0.5, 0.2, 0.3, 0.5]",0.01,128,"[58, 20, 10]","[13, 46, 10]",7,1,"[16, 128, 16]","[0.01, 0.0001, 0.001]",3950,0.7034695538836738,0.020738763143217136,0.27500369590489226,0.00704124412557135
101,110,1,"[32, 16, 16]","[0.4, 0.4, 0.1, 0.5, 0.1, 0.1]",0.005,32,"[69, 49, 28]","[6, 53, 66]",9,1,"[16, 32, 16]","[0.0001, 0.0001, 0.001]",3450,0.6993591137368669,0.010848498766676847,0.2896693725613054,0.02153207040432398
102,130,2,"[16, 32, 64]","[0.5, 0.1, 0.5, 0.1, 0.4, 0.2]",0.0005,32,"[81, 45, 42]","[36, 28, 24]",4,1,"[64, 64, 32]","[0.001, 0.0005, 0.0005]",5347,0.7279243460821968,0.0030869269960007435,0.24861272256961267,0.008388999148128393
103,70,1,"[32, 32, 128]","[0.3, 0.2, 0.3, 0.2, 0.2, 0.4]",0.005,128,"[47, 39, 13]","[23, 32, 58]",9,2,"[32, 16, 64]","[0.005, 0.001, 0.0001]",8943,0.7216067723866512,0.012668164084071658,0.27325068282078974,0.0018465543412241364
104,80,1,"[64, 16, 64]","[0.4, 0.3, 0.1, 0.1, 0.4, 0.5]",0.0001,128,"[43, 25, 5]","[3, 10, 53]",4,1,"[128, 128, 32]","[0.0001, 0.001, 0.001]",9617,0.7623447299717476,0.0008645628081343426,0.22101277767838692,0.0028980959663248156
105,140,3,"[64, 16, 64]","[0.3, 0.3, 0.3, 0.1, 0.3, 0.2]",0.0001,32,"[25, 53, 135]","[84, 29, 3]",6,2,"[16, 64, 16]","[0.001, 0.01, 0.005]",3774,0.7516417370806833,0.005738628024798852,0.22520569632301732,0.004949698971735993
106,100,2,"[128, 32, 128]","[0.3, 0.4, 0.2, 0.3, 0.1, 0.2]",0.005,32,"[15, 61, 72]","[75, 17, 9]",4,2,"[16, 128, 32]","[0.001, 0.0001, 0.005]",3274,0.7151441842358309,0.009652785008828161,0.3149459350146527,0.034966544281503344
107,90,2,"[128, 64, 16]","[0.4, 0.3, 0.4, 0.3, 0.1, 0.5]",0.001,64,"[83, 81, 84]","[5, 5, 2]",3,2,"[128, 128, 64]","[0.0005, 0.005, 0.0005]",5719,0.7455357614251716,0.0038043051758326674,0.24397603976124393,0.006690052198768157
108,110,3,"[64, 64, 16]","[0.4, 0.4, 0.1, 0.2, 0.3, 0.2]",0.001,16,"[109, 47, 98]","[2, 19, 9]",6,2,"[32, 64, 64]","[0.001, 0.01, 0.001]",8479,0.7177901083512235,0.011326477211488785,0.26459540246271335,0.004489545209468919
109,140,2,"[64, 128, 64]","[0.1, 0.3, 0.2, 0.2, 0.3, 0.1]",0.01,64,"[125, 125, 137]","[1, 8, 3]",5,2,"[16, 32, 64]","[0.001, 0.01, 0.001]",2656,0.0,0.0,0.0,0.0
110,120,3,"[32, 128, 64]","[0.2, 0.5, 0.3, 0.4, 0.1, 0.5]",0.005,128,"[100, 7, 55]","[11, 8, 47]",6,1,"[32, 32, 128]","[0.0005, 0.01, 0.001]",7154,0.7261268502150174,0.013087569345986462,0.2599776467637655,0.010977811856862309
111,100,3,"[128, 32, 32]","[0.1, 0.5, 0.2, 0.4, 0.5, 0.3]",0.0001,128,"[15, 62, 92]","[34, 12, 4]",8,2,"[32, 128, 128]","[0.001, 0.0005, 0.01]",5805,0.7439793811365424,0.00039662928468126756,0.23364902413551306,0.0034996837315530048
112,130,2,"[16, 64, 32]","[0.3, 0.4, 0.2, 0.4, 0.2, 0.1]",0.01,64,"[93, 92, 12]","[20, 4, 48]",9,2,"[64, 128, 32]","[0.0001, 0.005, 0.01]",7307,0.0,0.0,0.0,0.0
113,140,2,"[64, 16, 16]","[0.1, 0.4, 0.5, 0.4, 0.1, 0.5]",0.0001,32,"[106, 132, 140]","[18, 4, 1]",2,1,"[32, 32, 128]","[0.0005, 0.0001, 0.0005]",6030,0.725627750137552,0.0017246572545206737,0.24809736143556224,0.0035312092893988326
114,120,3,"[32, 32, 128]","[0.5, 0.2, 0.1, 0.1, 0.1, 0.4]",0.01,64,"[73, 83, 69]","[22, 21, 32]",3,1,"[128, 32, 32]","[0.005, 0.0001, 0.0001]",5799,0.0,0.0,0.0,0.0
115,70,2,"[32, 16, 32]","[0.5, 0.4, 0.2, 0.1, 0.4, 0.5]",0.005,128,"[54, 36, 31]","[9, 8, 3]",1,1,"[32, 128, 64]","[0.01, 0.0005, 0.0001]",747,0.7406936574665045,0.004658060313291275,0.2505709207465051,0.005491441751684264
116,140,1,"[16, 128, 64]","[0.5, 0.5, 0.3, 0.3, 0.4, 0.5]",0.0005,128,"[98, 85, 94]","[31, 12, 15]",7,1,"[128, 32, 64]","[0.01, 0.01, 0.0005]",6223,0.7325508550841632,0.00678824407626732,0.24777316838807337,0.004724270186679551
117,70,3,"[32, 32, 32]","[0.1, 0.1, 0.5, 0.5, 0.4, 0.4]",0.0005,128,"[39, 33, 64]","[13, 31, 3]",2,1,"[16, 16, 128]","[0.001, 0.0001, 0.0001]",5556,0.7431654154565916,0.0013855233342553138,0.24527205020326567,0.003136413225700558
118,110,1,"[32, 64, 128]","[0.2, 0.4, 0.4, 0.4, 0.1, 0.5]",0.0005,128,"[101, 5, 108]","[10, 48, 2]",5,2,"[64, 64, 64]","[0.0005, 0.0005, 0.01]",3228,0.721073758828835,0.005891699242944201,0.2565547730958662,0.007940897314045032
119,120,3,"[32, 32, 128]","[0.5, 0.1, 0.4, 0.1, 0.4, 0.1]",0.005,64,"[95, 17, 79]","[1, 19, 23]",5,2,"[16, 16, 128]","[0.0001, 0.001, 0.01]",7836,0.7245154974330998,0.016960899139002086,0.26183776788371765,0.021950276997339653
120,80,2,"[64, 16, 32]","[0.3, 0.4, 0.2, 0.2, 0.5, 0.4]",0.01,32,"[69, 14, 74]","[12, 39, 2]",5,1,"[32, 64, 16]","[0.0005, 0.01, 0.001]",7559,0.7292795178551733,0.0025475849913606835,0.25465096055426023,0.0007193809388603208
121,90,3,"[128, 16, 64]","[0.5, 0.4, 0.5, 0.3, 0.3, 0.2]",0.001,32,"[26, 55, 50]","[17, 21, 11]",4,1,"[64, 16, 64]","[0.001, 0.0005, 0.005]",1843,0.7541816357182204,0.0045227264802909966,0.2322199967419011,0.005760819723240541
122,90,3,"[64, 128, 128]","[0.2, 0.5, 0.3, 0.4, 0.4, 0.4]",0.0001,64,"[38, 51, 83]","[16, 31, 3]",4,2,"[128, 64, 16]","[0.001, 0.01, 0.0005]",3116,0.7456508305241744,0.004851672684606895,0.23704255723456535,0.0037370197493817926
123,70,1,"[64, 16, 16]","[0.1, 0.3, 0.4, 0.2, 0.2, 0.5]",0.001,64,"[52, 45, 26]","[17, 1, 2]",4,2,"[64, 128, 128]","[0.001, 0.01, 0.001]",4669,0.7407075884657616,0.012204830030497429,0.2385677162213978,0.007361956568062331
124,120,2,"[128, 16, 128]","[0.5, 0.2, 0.2, 0.1, 0.4, 0.3]",0.005,128,"[29, 75, 86]","[62, 40, 31]",2,2,"[128, 128, 32]","[0.0001, 0.001, 0.0001]",4216,0.7358367604934392,0.0010199316636889646,0.2547475099520727,0.009364966016905195
125,110,2,"[128, 16, 16]","[0.5, 0.3, 0.5, 0.4, 0.2, 0.5]",0.001,64,"[77, 90, 74]","[17, 18, 29]",9,2,"[16, 128, 64]","[0.0001, 0.0005, 0.005]",825,0.7302590623317701,0.00620440371043977,0.2633428457863673,0.004282920466866355
126,100,2,"[64, 16, 64]","[0.4, 0.1, 0.2, 0.1, 0.5, 0.3]",0.005,16,"[21, 69, 39]","[6, 13, 54]",9,1,"[64, 128, 128]","[0.0005, 0.01, 0.0005]",5046,0.0,0.0,0.0,0.0
127,100,1,"[16, 64, 64]","[0.5, 0.5, 0.3, 0.5, 0.2, 0.3]",0.0005,128,"[26, 99, 13]","[2, 2, 80]",3,1,"[16, 32, 128]","[0.0005, 0.0005, 0.0005]",4085,0.7479723227843899,0.0034780767358468722,0.2508010275607003,0.010062581077596335
128,100,2,"[128, 32, 32]","[0.2, 0.1, 0.2, 0.3, 0.1, 0.5]",0.005,64,"[66, 44, 24]","[18, 54, 48]",4,1,"[64, 128, 128]","[0.01, 0.001, 0.0005]",6795,0.7237598863465508,0.014986202943846541,0.2610989912924771,0.006045752658608964
129,110,1,"[128, 64, 16]","[0.5, 0.4, 0.3, 0.1, 0.2, 0.1]",0.0005,128,"[55, 100, 89]","[11, 10, 5]",6,1,"[32, 64, 64]","[0.001, 0.0001, 0.0005]",2867,0.7456391933680503,0.00574811886641677,0.22941412837829733,0.006737123496223629
130,70,2,"[64, 64, 64]","[0.1, 0.4, 0.4, 0.2, 0.5, 0.1]",0.01,16,"[10, 12, 64]","[50, 41, 7]",9,2,"[32, 32, 32]","[0.01, 0.005, 0.0005]",1852,0.0,0.0,0.0,0.0
131,130,3,"[64, 16, 128]","[0.2, 0.2, 0.4, 0.1, 0.4, 0.3]",0.0001,32,"[32, 28, 5]","[8, 35, 36]",7,2,"[16, 16, 16]","[0.0001, 0.001, 0.0001]",83,0.7475383194921145,0.003645115740765462,0.2291617543333175,0.0022290013540036597
132,110,1,"[32, 32, 64]","[0.2, 0.2, 0.4, 0.1, 0.1, 0.3]",0.01,32,"[20, 105, 34]","[58, 2, 63]",9,1,"[128, 16, 64]","[0.01, 0.001, 0.0001]",1363,0.0,0.0,0.0,0.0
133,70,3,"[32, 128, 16]","[0.2, 0.3, 0.1, 0.3, 0.1, 0.2]",0.01,16,"[24, 15, 69]","[16, 42, 1]",5,2,"[32, 128, 32]","[0.01, 0.0005, 0.01]",7961,0.0,0.0,0.0,0.0
134,90,2,"[16, 64, 128]","[0.2, 0.5, 0.4, 0.3, 0.5, 0.5]",0.0001,32,"[24, 46, 84]","[10, 23, 1]",5,2,"[64, 32, 32]","[0.001, 0.001, 0.0005]",866,0.7480855831858725,0.0065537877105222245,0.25675368390952497,0.010856175291290161
135,80,3,"[32, 64, 16]","[0.1, 0.3, 0.3, 0.1, 0.1, 0.4]",0.0005,128,"[32, 75, 54]","[42, 2, 19]",9,1,"[16, 128, 64]","[0.01, 0.001, 0.01]",3885,0.7494930865059551,0.004474533801620095,0.22675610208957245,0.004753816974692556
136,130,1,"[16, 16, 32]","[0.5, 0.1, 0.1, 0.1, 0.3, 0.2]",0.0001,64,"[106, 40, 125]","[11, 50, 6]",6,1,"[64, 32, 128]","[0.0001, 0.01, 0.0001]",8932,0.7283237343884505,0.006443786896233149,0.2438845276437254,0.004166057405500485
137,90,2,"[16, 16, 128]","[0.2, 0.3, 0.3, 0.5, 0.4, 0.1]",0.01,64,"[7, 70, 25]","[3, 9, 41]",9,2,"[64, 128, 64]","[0.01, 0.0005, 0.001]",1808,0.0,0.0,0.0,0.0
138,140,2,"[32, 32, 64]","[0.4, 0.4, 0.1, 0.1, 0.5, 0.2]",0.01,64,"[64, 117, 13]","[24, 11, 128]",9,2,"[16, 128, 64]","[0.0005, 0.01, 0.001]",5374,0.0,0.0,0.0,0.0
139,110,1,"[128, 64, 128]","[0.3, 0.3, 0.4, 0.4, 0.4, 0.4]",0.0001,32,"[45, 93, 47]","[65, 6, 20]",4,2,"[16, 16, 64]","[0.0005, 0.001, 0.001]",4808,0.6041118971494305,0.00547208573230354,0.3360392205893627,0.009405132029472055
140,130,2,"[64, 64, 128]","[0.2, 0.2, 0.4, 0.1, 0.1, 0.4]",0.001,64,"[56, 67, 48]","[42, 29, 51]",9,2,"[32, 64, 32]","[0.001, 0.001, 0.001]",6249,0.723791316726086,0.005372518063066129,0.2511211723117092,0.007282298271697661
141,120,3,"[128, 128, 64]","[0.5, 0.4, 0.3, 0.3, 0.3, 0.3]",0.005,64,"[68, 72, 46]","[22, 19, 39]",2,2,"[128, 64, 128]","[0.001, 0.001, 0.01]",1833,0.7257039399546589,0.006441222602452706,0.2670274423149958,0.01438001521282146
142,80,2,"[16, 16, 128]","[0.3, 0.5, 0.3, 0.2, 0.2, 0.4]",0.0005,64,"[39, 48, 54]","[14, 21, 20]",5,2,"[16, 128, 16]","[0.005, 0.001, 0.005]",800,0.7334141961459086,0.00533302447795301,0.24792422884894968,0.004512210500794083
143,90,2,"[32, 16, 128]","[0.3, 0.5, 0.5, 0.2, 0.5, 0.1]",0.0001,16,"[25, 7, 10]","[47, 51, 56]",1,2,"[64, 64, 32]","[0.0005, 0.005, 0.01]",3069,0.4863265435765743,0.02743555924797804,0.4544166154132782,0.012508924362745335
144,130,1,"[32, 16, 32]","[0.3, 0.2, 0.1, 0.2, 0.3, 0.3]",0.005,64,"[22, 52, 116]","[82, 65, 8]",5,2,"[16, 128, 16]","[0.001, 0.005, 0.01]",3515,0.5762510716556994,0.00926050991602917,0.3652107282060814,0.007218270686071819
145,120,1,"[128, 64, 32]","[0.5, 0.4, 0.1, 0.2, 0.2, 0.4]",0.01,64,"[24, 9, 33]","[44, 88, 50]",7,1,"[16, 128, 64]","[0.005, 0.0005, 0.01]",9724,0.6590147018545951,0.00401000939071167,0.3296040244489273,0.032904446750418294
146,90,3,"[32, 32, 16]","[0.2, 0.2, 0.2, 0.2, 0.1, 0.3]",0.01,16,"[44, 75, 35]","[35, 9, 4]",5,2,"[64, 64, 16]","[0.0005, 0.001, 0.005]",133,0.0,0.0,0.0,0.0
147,110,3,"[128, 32, 16]","[0.2, 0.5, 0.3, 0.1, 0.4, 0.5]",0.005,32,"[44, 108, 88]","[66, 3, 2]",9,2,"[128, 32, 128]","[0.005, 0.001, 0.005]",1682,0.0,0.0,0.0,0.0
148,100,1,"[32, 64, 16]","[0.5, 0.2, 0.1, 0.3, 0.5, 0.2]",0.01,16,"[84, 48, 28]","[1, 37, 30]",8,2,"[32, 64, 128]","[0.0005, 0.0005, 0.0001]",7390,0.0,0.0,0.0,0.0
149,120,2,"[64, 64, 32]","[0.1, 0.2, 0.5, 0.5, 0.3, 0.1]",0.0005,64,"[27, 112, 61]","[33, 9, 15]",1,2,"[64, 16, 32]","[0.0001, 0.005, 0.005]",8681,0.7242462584015191,0.011974221106425738,0.251667874748095,0.004997951698676098
150,70,2,"[64, 16, 16]","[0.1, 0.5, 0.3, 0.5, 0.5, 0.1]",0.0001,64,"[44, 46, 51]","[5, 25, 10]",8,2,"[32, 16, 64]","[0.01, 0.01, 0.005]",3820,0.746523863283072,0.004956597506102295,0.24323693064114857,0.005940712877086202
151,110,3,"[16, 64, 128]","[0.5, 0.4, 0.2, 0.4, 0.1, 0.3]",0.001,64,"[5, 97, 66]","[46, 6, 30]",3,1,"[128, 64, 32]","[0.001, 0.0005, 0.0005]",3459,0.7379596779319866,0.0034772882969557168,0.2440749879591366,0.005842334486174273
152,130,1,"[128, 32, 16]","[0.5, 0.4, 0.3, 0.5, 0.4, 0.5]",0.0001,16,"[68, 63, 107]","[24, 63, 21]",1,1,"[16, 32, 32]","[0.005, 0.0005, 0.0001]",2860,0.6121325904434012,0.004405432574064417,0.3534412051181062,0.0065679092213428575
153,130,2,"[32, 64, 128]","[0.4, 0.4, 0.5, 0.5, 0.4, 0.2]",0.0005,32,"[33, 3, 117]","[37, 31, 14]",1,1,"[64, 32, 16]","[0.0005, 0.0005, 0.0001]",9072,0.7001186263694356,0.009411174655008077,0.28603591237380116,0.007107037721315255
154,90,3,"[32, 32, 64]","[0.5, 0.1, 0.3, 0.1, 0.1, 0.5]",0.0005,16,"[44, 79, 89]","[33, 7, 1]",6,2,"[16, 16, 32]","[0.005, 0.0001, 0.0005]",9249,0.7311657356788984,0.012188629572780801,0.24512841262910193,0.010397114516999971
155,90,1,"[64, 128, 64]","[0.1, 0.4, 0.5, 0.2, 0.4, 0.1]",0.005,32,"[18, 73, 56]","[43, 11, 19]",1,2,"[128, 16, 64]","[0.01, 0.01, 0.01]",8450,0.15462970080517816,0.23340256500132597,0.5025451747447591,0.012940191323027213
156,100,3,"[128, 16, 64]","[0.3, 0.3, 0.5, 0.1, 0.2, 0.4]",0.005,128,"[2, 41, 20]","[45, 36, 21]",2,2,"[16, 32, 64]","[0.0001, 0.005, 0.0001]",1195,0.7422626239529242,0.004842999889547731,0.24234306026922123,0.007668114183657268
157,130,1,"[64, 16, 64]","[0.5, 0.5, 0.3, 0.5, 0.4, 0.5]",0.01,64,"[92, 18, 73]","[34, 67, 9]",3,2,"[64, 64, 128]","[0.005, 0.01, 0.01]",4067,0.0,0.0,0.0,0.0
158,130,2,"[32, 32, 128]","[0.3, 0.3, 0.1, 0.2, 0.5, 0.5]",0.001,16,"[68, 11, 95]","[54, 65, 15]",8,2,"[64, 16, 32]","[0.01, 0.0005, 0.001]",5547,0.712199930730742,0.007667905153169451,0.27667326515783947,0.0037097081374345897
159,80,1,"[32, 16, 64]","[0.1, 0.4, 0.3, 0.2, 0.5, 0.4]",0.01,16,"[66, 40, 11]","[7, 20, 69]",7,2,"[64, 16, 16]","[0.005, 0.01, 0.0005]",619,0.0,0.0,0.0,0.0
160,120,2,"[64, 32, 64]","[0.1, 0.3, 0.2, 0.1, 0.5, 0.4]",0.0001,128,"[93, 23, 18]","[6, 21, 34]",9,1,"[16, 64, 128]","[0.01, 0.0005, 0.0001]",7584,0.7428976140526866,0.0032877451978393394,0.2342664037857769,0.002553738575228093
161,140,2,"[64, 128, 16]","[0.3, 0.2, 0.3, 0.1, 0.5, 0.3]",0.01,64,"[123, 43, 137]","[6, 50, 2]",6,1,"[128, 64, 32]","[0.005, 0.005, 0.0001]",822,0.0,0.0,0.0,0.0
162,90,2,"[16, 32, 128]","[0.5, 0.1, 0.4, 0.2, 0.1, 0.4]",0.0001,16,"[66, 43, 32]","[20, 27, 47]",1,1,"[64, 128, 16]","[0.0005, 0.005, 0.001]",6363,0.6965112465233734,0.011313921634111624,0.27470986944909787,0.00786381656369425
163,110,3,"[128, 32, 32]","[0.3, 0.3, 0.3, 0.3, 0.2, 0.1]",0.01,32,"[50, 59, 36]","[23, 16, 22]",3,2,"[16, 16, 64]","[0.001, 0.001, 0.0005]",9537,0.0,0.0,0.0,0.0
164,100,1,"[64, 16, 64]","[0.3, 0.1, 0.3, 0.1, 0.5, 0.4]",0.01,32,"[78, 49, 4]","[22, 43, 66]",6,2,"[16, 64, 16]","[0.0001, 0.001, 0.005]",5637,0.0,0.0,0.0,0.0
165,110,3,"[64, 128, 16]","[0.4, 0.4, 0.3, 0.2, 0.1, 0.5]",0.0005,32,"[23, 103, 53]","[67, 8, 35]",8,2,"[128, 128, 64]","[0.0005, 0.0001, 0.001]",5316,0.733186332497895,0.015522055282488787,0.2520010982579417,0.009172527767398044
166,90,1,"[16, 32, 32]","[0.5, 0.2, 0.4, 0.2, 0.2, 0.1]",0.005,64,"[42, 83, 56]","[44, 2, 2]",9,2,"[32, 16, 16]","[0.01, 0.0001, 0.01]",7216,0.6726213398695401,0.006948587157213198,0.30136185025839707,0.0036256097189188248
167,100,1,"[64, 16, 64]","[0.1, 0.3, 0.4, 0.5, 0.5, 0.2]",0.0001,32,"[75, 60, 94]","[2, 19, 7]",5,1,"[64, 32, 128]","[0.01, 0.005, 0.0001]",1535,0.7584728169545635,0.0037927698239819743,0.2245267896666275,0.0015067236116252834
168,70,1,"[32, 64, 64]","[0.2, 0.3, 0.4, 0.3, 0.5, 0.2]",0.0001,32,"[60, 26, 29]","[8, 17, 29]",5,1,"[32, 128, 16]","[0.005, 0.001, 0.0001]",6369,0.7333699006560482,0.00107317459980088,0.24523653506324125,0.001884970512588462
169,90,3,"[32, 16, 32]","[0.2, 0.1, 0.2, 0.1, 0.5, 0.3]",0.01,128,"[81, 26, 41]","[4, 15, 42]",8,1,"[16, 32, 128]","[0.0005, 0.0005, 0.005]",7119,0.7549659740713496,0.0034114729143706417,0.22651865528428947,0.0015277263630680724
170,120,3,"[128, 64, 64]","[0.4, 0.5, 0.2, 0.1, 0.3, 0.3]",0.01,16,"[96, 37, 93]","[18, 50, 22]",3,2,"[64, 32, 64]","[0.01, 0.01, 0.0001]",6018,0.0,0.0,0.0,0.0
171,130,2,"[32, 16, 32]","[0.3, 0.4, 0.5, 0.1, 0.5, 0.5]",0.0005,64,"[99, 127, 101]","[16, 2, 6]",1,2,"[64, 64, 64]","[0.0001, 0.01, 0.0001]",9545,0.7336827535948377,0.0024821687063897413,0.2579104069285157,0.016946825062280492
172,140,1,"[64, 16, 128]","[0.4, 0.5, 0.5, 0.1, 0.3, 0.3]",0.0001,128,"[119, 7, 11]","[17, 26, 86]",8,1,"[32, 32, 32]","[0.01, 0.005, 0.0001]",8288,0.7124130293547585,0.009952775412498609,0.2586503371195465,0.003497209797608517
173,110,2,"[32, 128, 128]","[0.5, 0.5, 0.5, 0.1, 0.5, 0.1]",0.005,128,"[57, 24, 9]","[16, 76, 77]",4,2,"[64, 32, 32]","[0.01, 0.001, 0.0005]",9916,0.7252967125110379,0.014188991183460616,0.2634316752960352,0.011473765810421336
174,80,3,"[128, 16, 64]","[0.1, 0.4, 0.1, 0.1, 0.4, 0.4]",0.0001,64,"[73, 47, 17]","[1, 5, 61]",3,1,"[32, 32, 16]","[0.0005, 0.0001, 0.0005]",2383,0.7440848560395456,0.0038158670180069784,0.23549205274164484,0.00066266977313984
175,140,2,"[128, 128, 16]","[0.1, 0.4, 0.3, 0.5, 0.1, 0.3]",0.005,32,"[95, 111, 33]","[38, 10, 85]",2,1,"[64, 128, 64]","[0.0005, 0.005, 0.01]",4139,0.0,0.0,0.0,0.0
176,120,3,"[32, 128, 32]","[0.5, 0.3, 0.3, 0.5, 0.2, 0.5]",0.01,128,"[22, 89, 15]","[57, 1, 13]",8,2,"[128, 32, 32]","[0.001, 0.0001, 0.01]",4315,0.0,0.0,0.0,0.0
177,140,2,"[64, 32, 16]","[0.2, 0.4, 0.5, 0.2, 0.4, 0.4]",0.001,16,"[52, 91, 103]","[33, 43, 20]",5,2,"[32, 64, 32]","[0.01, 0.0001, 0.0001]",60,0.7176568867959005,0.011944220459152017,0.2622257555945856,0.006057329928587803
178,140,1,"[64, 64, 64]","[0.3, 0.1, 0.1, 0.5, 0.1, 0.4]",0.005,32,"[49, 129, 44]","[30, 6, 90]",3,1,"[128, 32, 16]","[0.0001, 0.0001, 0.001]",9629,0.0,0.0,0.0,0.0
179,100,3,"[32, 64, 64]","[0.4, 0.4, 0.4, 0.3, 0.4, 0.3]",0.0001,128,"[42, 93, 48]","[47, 2, 9]",8,2,"[64, 64, 32]","[0.0001, 0.0001, 0.0005]",2507,0.7460287595264862,0.004694167080765019,0.24301337436949655,0.009868446246489313
180,130,3,"[64, 128, 32]","[0.4, 0.4, 0.1, 0.2, 0.3, 0.3]",0.01,32,"[4, 26, 127]","[69, 43, 2]",9,2,"[16, 32, 64]","[0.0005, 0.005, 0.001]",6021,0.0,0.0,0.0,0.0
181,80,1,"[64, 64, 64]","[0.1, 0.1, 0.1, 0.4, 0.3, 0.3]",0.005,16,"[8, 22, 10]","[48, 39, 20]",6,1,"[16, 128, 16]","[0.001, 0.0001, 0.001]",8243,0.5737525121793513,0.012598962326472297,0.37581013067898894,0.02808940466554019
182,120,3,"[16, 128, 32]","[0.2, 0.5, 0.5, 0.3, 0.1, 0.1]",0.0001,128,"[24, 48, 69]","[51, 45, 35]",9,2,"[64, 32, 32]","[0.005, 0.01, 0.0001]",1998,0.7029073142009042,0.010970416545472867,0.27268144488938956,0.007175645480723908
183,120,3,"[16, 128, 16]","[0.3, 0.4, 0.3, 0.4, 0.3, 0.1]",0.005,128,"[59, 96, 52]","[33, 9, 25]",5,2,"[32, 32, 64]","[0.001, 0.0001, 0.005]",3839,0.7180316530903804,0.008676505589716907,0.31063686239389354,0.023997408827517715
184,90,2,"[32, 16, 32]","[0.5, 0.4, 0.2, 0.4, 0.1, 0.5]",0.0005,64,"[32, 38, 50]","[27, 24, 22]",5,1,"[128, 16, 128]","[0.01, 0.001, 0.005]",2150,0.7440087133428298,0.006868772482451423,0.2381683464664235,0.01230864001986343
185,70,1,"[16, 128, 32]","[0.3, 0.4, 0.5, 0.4, 0.4, 0.1]",0.001,16,"[37, 9, 30]","[5, 44, 18]",4,2,"[16, 64, 128]","[0.0001, 0.0005, 0.005]",5172,0.7441124485760872,0.003773765707082196,0.2656532382436389,0.01903469646083887
186,100,1,"[128, 64, 128]","[0.5, 0.3, 0.1, 0.1, 0.4, 0.2]",0.0005,64,"[87, 15, 22]","[11, 34, 66]",9,2,"[128, 32, 32]","[0.0005, 0.005, 0.005]",1859,0.7411569933695604,0.011040739660970151,0.23451478552204272,0.011796441444525895
187,90,2,"[128, 64, 32]","[0.3, 0.1, 0.1, 0.5, 0.2, 0.1]",0.0005,16,"[36, 20, 56]","[18, 5, 17]",2,1,"[32, 64, 64]","[0.0005, 0.001, 0.01]",691,0.7502576814999679,0.006623216303651395,0.24412154663701,0.009393004639531332
188,70,3,"[64, 64, 64]","[0.2, 0.3, 0.1, 0.5, 0.3, 0.4]",0.001,64,"[41, 7, 21]","[8, 30, 4]",1,1,"[64, 16, 64]","[0.0001, 0.001, 0.0001]",5047,0.7560166044246556,0.0041462670219790925,0.22986053329156067,0.004977373249844199
189,140,2,"[64, 128, 128]","[0.4, 0.3, 0.5, 0.3, 0.2, 0.2]",0.0005,32,"[11, 52, 57]","[94, 44, 2]",4,2,"[16, 128, 128]","[0.005, 0.01, 0.005]",474,0.7178823891941487,0.009213205511937517,0.2567403224175426,0.006584944957872925
190,130,2,"[16, 32, 16]","[0.1, 0.2, 0.4, 0.2, 0.2, 0.3]",0.0001,64,"[119, 69, 83]","[3, 9, 42]",7,2,"[16, 32, 64]","[0.0005, 0.0001, 0.0005]",7417,0.7327947974633897,0.005120167784626541,0.24207812897054368,0.0031616286771713213
191,80,2,"[32, 64, 16]","[0.4, 0.4, 0.3, 0.1, 0.5, 0.3]",0.0001,32,"[60, 60, 40]","[21, 8, 36]",2,2,"[16, 128, 128]","[0.005, 0.0001, 0.01]",9453,0.7355244219651903,0.0011630734302350504,0.2520856510511369,0.0018107048551827597
192,80,3,"[32, 32, 32]","[0.5, 0.5, 0.1, 0.5, 0.4, 0.3]",0.01,32,"[28, 56, 60]","[47, 2, 15]",3,1,"[16, 32, 16]","[0.005, 0.0001, 0.001]",6324,0.0,0.0,0.0,0.0
193,140,1,"[32, 16, 128]","[0.1, 0.4, 0.2, 0.1, 0.2, 0.2]",0.01,16,"[45, 109, 3]","[20, 20, 49]",2,1,"[16, 16, 128]","[0.0001, 0.0001, 0.01]",3482,0.0,0.0,0.0,0.0
194,110,1,"[128, 32, 16]","[0.2, 0.4, 0.3, 0.5, 0.3, 0.2]",0.005,32,"[45, 45, 68]","[49, 49, 1]",8,1,"[128, 16, 16]","[0.01, 0.0005, 0.001]",6960,0.0,0.0,0.0,0.0
195,70,3,"[128, 32, 16]","[0.1, 0.4, 0.3, 0.5, 0.2, 0.3]",0.01,16,"[39, 59, 17]","[7, 5, 17]",7,2,"[32, 32, 128]","[0.001, 0.001, 0.01]",6198,0.0,0.0,0.0,0.0
196,80,2,"[128, 16, 64]","[0.2, 0.4, 0.4, 0.5, 0.4, 0.4]",0.001,64,"[69, 37, 33]","[7, 23, 39]",9,2,"[32, 16, 16]","[0.0001, 0.001, 0.0001]",7628,0.7387651185232684,0.006657505113551321,0.2391792250670238,0.006713588367436287
197,80,2,"[64, 128, 128]","[0.2, 0.5, 0.4, 0.2, 0.5, 0.2]",0.005,128,"[10, 17, 20]","[4, 19, 11]",6,1,"[128, 128, 32]","[0.0005, 0.0005, 0.0005]",2475,0.7712350810077914,0.004703394918638168,0.2223283585480417,0.01013051305557361
198,70,2,"[64, 32, 16]","[0.3, 0.3, 0.5, 0.2, 0.5, 0.2]",0.01,16,"[43, 7, 53]","[9, 25, 3]",6,2,"[16, 16, 32]","[0.0001, 0.0001, 0.01]",9694,0.0,0.0,0.0,0.0
199,80,2,"[128, 128, 128]","[0.3, 0.3, 0.2, 0.3, 0.2, 0.4]",0.0005,128,"[73, 17, 67]","[2, 2, 6]",6,1,"[64, 64, 32]","[0.001, 0.01, 0.0005]",8171,0.7623869286996343,0.00411430974382763,0.21751956737316144,0.0033346444741175164
