rG4detector,G4H,G4NN,cGcC
-0.7065734243107042,-0.2677948360341239,-0.43665696299238077,-0.11250929258142878
-0.6456647305076438,-0.1298675594060147,-0.4436454179645435,-0.10175690674408078
1.2307398176149398,0.5897530143058595,0.009839311136521785,-0.07921158160125429
-0.7663093188914843,-0.6883231087970004,-0.6184591919706445,-0.12824766378690186
3.652178964845971,2.865553078669662,3.4097723900830252,0.5082107521201138
-0.34419457910941725,0.2345556798455113,0.87079775414448,-0.06418136483937001
-0.636947909472144,-0.0698991782633585,-0.34039589272126164,-0.09724784171551548
1.3122823231304976,2.1917654819739605,0.7049276447166679,0.2334169270459393
-0.5990288872517803,-0.20182961677720196,-0.6833461939238055,-0.1051837961657904
-0.6018683632416405,-0.5167603409715384,-0.5243450544374791,-0.13267620979709993
1.4766156782801254,0.4628968234271637,-0.3548511609492239,-0.027082390783206785
3.5177835790400427,1.5462486935312256,1.0110378366173294,0.07211703984522969
-0.7599456251985195,-1.4127625702792668,-0.6631172255010079,-0.16007414778019188
-0.6091291928222825,0.7989110265839042,0.3898805537545896,0.039151375398584626
1.869392936119538,0.4955169867959712,-0.06382877862637695,-0.016815870935702158
-0.5351064465857922,-0.7625339804610374,-0.6437885761122315,-0.13494362535432133
0.47612134558364433,0.5121468740035985,-0.16199808349145672,-0.04313906137273198
0.5956026119106367,1.174016384867167,1.3346487186049585,0.07409662936996562
-0.717001633200877,-1.2242905152594903,-0.6086354847529762,-0.16117636367606342
-0.053596156386088695,0.19995853687859422,-0.51279639187384,-0.07435566541664552
2.832161480054959,2.8027797248606556,3.2162824416261784,0.5227485997122122
-0.46255821685575443,-0.3000104082293647,-0.5701393673382729,-0.1220476993726246
-0.7205057243104932,-1.9225393786705243,-0.7047505205442347,-0.1701885995305423
0.4136602706187655,-0.39972527454796736,1.3674420815626922,-0.1468475570297337
4.7133553401460775,4.237241608512123,3.7813772291901766,4.813123974392088
0.08506985645446487,-0.3526072607930233,-0.33544574416318873,-0.11759644287006657
-0.3921907505857898,-0.6562566827693301,-0.5982942766603007,-0.12881129691547255
1.0863575632857296,1.1834399876181558,0.8902343492585214,0.07635116188424829
-0.6348029330435606,-0.71817805716759,-0.5796394970179708,-0.13512398795546396
2.0821019208545173,0.08633423576619309,-0.21216610065554992,-0.07835271207200378
-0.8286513307740885,-0.0698991782633585,0.030114041040912216,-0.09724784171551548
1.238656585920852,0.31882443521493065,-0.3442825904614229,-0.06688066907415742
-0.7093858474511547,0.4389753702900382,-0.4139774001102626,0.08131113341567009
0.3267271154304573,0.5442597596459134,-0.09279938092181132,-0.0219931012387706
-0.4862412900354401,0.5101398186509537,0.13309830053027755,-0.028571312818905643
-0.6961899842952187,-0.1975737961799812,-0.1817444907744257,-0.11528410182977664
-0.5564919345562442,1.0941929262705556,-0.38513701559313485,0.8947464645688489
1.3602110069523308,0.424839966163555,-0.44820883844163856,-0.01458164952515179
-0.11740016550565202,0.029048650622024223,-0.16846358117476595,-0.08680579638620638
1.5636368604849906,0.05003758402195387,-0.5640935866733393,-0.07953365767472326
-0.448846178398567,0.3162386905576472,-0.44120089677502583,-0.009070570045794207
0.1832605798281132,0.9195791105904686,0.4417144157319006,0.05155130422713918
0.05507248971940036,-0.9832637525899681,-0.6674780592641317,-0.15714183756664693
0.14739898583126984,1.0971777778206426,0.14505966310011797,0.21137260912850897
-0.5942658108509673,0.3629975731101908,0.2180503053537932,-0.03412093131560138
1.7216845434490604,0.8536138913335468,1.3173114749004367,0.001951588912920958
0.5084725826445968,0.1541336418544891,-0.3528629641571095,-0.08384251325221327
-0.6937070082287384,-3.279017952924419,-0.7156550200130077,-0.18787448204272902
-0.6452737809228092,-0.7082722678464728,-0.594710416377371,-0.16338079546780646
0.4156337830002805,0.7489794056156707,0.7301188716761994,0.061471247289982836
0.6730882632128903,0.24493482273558648,-0.46891711751296433,-0.06568438651555847
-0.7362263769849267,-0.8614818093464203,-0.5783535007151008,-0.17355509604508199
1.056053534299512,1.08149373967564,0.05425225597827239,-0.0010544544394559454
3.8397082272462715,2.463165241202439,3.4170621367237004,0.1958413851412286
0.8052922361306903,-1.2765800183290013,-0.7073009527270048,-0.1684126506446112
-0.1531420979058533,-0.9303150816145124,-0.6934781649966562,-0.14493987567149455
2.088676431946133,1.52291953062329,1.9958806880503999,0.16067067791841927
-0.395397945547656,0.029048650622024223,-0.3005342039519672,-0.084447915182814
1.316225055100823,1.414318255017382,0.6836459180483953,0.048244656539524644
-0.37476243322881775,1.043263896697197,0.3791938855220798,0.7955470339404125
0.2682217746445765,-1.5541166115440992,-0.6918336537638533,-0.14985360038211057
-0.6988013643957917,-0.1664336454686098,-0.45864267213380777,-0.1164477315145677
-0.6091769171196394,0.22483903543778136,-0.461965599416964,-0.06536231044208948
-0.5996147213700355,-0.46569049380488936,-0.6568604738336341,-0.13166397070905467
0.49151137066611406,-0.3337600552910457,-0.5033894518133627,-0.091524797640798
0.3868170333234413,0.06426736937783835,-0.39556243874161046,-0.08732789865267183
0.34341755125372375,-0.13933625116538143,-0.5449032393517617,-0.10308310234071766
-0.5789406977474141,-0.6973732150974927,-0.676378772223076,-0.1423384920011684
-0.8638586742689464,-3.128286616538824,-0.7163666719287345,-0.19193820731538663
1.2729167370884853,1.8357627113810489,2.6748968828977056,0.061471247289982836
-0.7311154605444783,0.32589213727817234,-0.6140432255581837,0.044465630610822274
-0.6017670946106637,-0.9406400724547264,-0.5105268944450025,-0.14900406639122146
-0.38697005422729064,0.3867831088999462,1.0117638775839832,-0.04103483102606815
-0.2452573803612835,0.5297846331632032,-0.08430336455224323,-0.017125224669470644
1.7917353089372396,1.513266083902765,1.291203602919943,0.09760818273319898
2.7362875686486388,0.6344751968529252,0.31725429244785175,0.03708472059382552
-0.44653601200456056,-1.3892035634017945,-0.6941877030437594,-0.15484751111267211
-0.6364494667069107,-0.882684915536145,-0.6820436546487436,-0.12989575559322875
-0.5667072787158605,-0.8614818093464203,-0.6974261269486792,-0.1380147310148729
2.9341100233531807,1.5337380484997405,0.41300439374982384,0.03088475617954824
-0.9607205430224445,-4.027812333678667,-0.7169533848324253,-0.18542511338523676
2.8478306027061957,1.5462486935312256,2.2565532770308008,0.2579501195669505
4.97524118771399,2.6016922016419746,3.3319375220921157,0.26553864743990924
3.020754034186718,1.8419741256236972,1.8487045102627704,0.24348063739954884
-0.2860185037793536,0.8154235012374341,0.39406826090295927,0.020551482155752792
-0.2634669199475368,0.518439263757836,-0.5675087145870741,0.001951588912920958
2.1940927922556166,1.8760747898158343,1.6738984758890507,0.10587480195223531
0.2654083113274324,1.2305580013731,1.377349168909546,0.1879505213412393
1.7357946228544159,3.32259781209262,3.5697953308710297,0.40776744148379734
1.8750169898848623,2.0612848284987306,1.7508046163287259,0.3656828345505213
0.26066158881574997,0.5359038557287804,-0.19082777530438566,-0.029933942360505037
3.1065403120163855,1.0185269394758514,0.2138454438593235,0.010769316079893098
2.899440702997829,1.7394325499264969,2.8145221327724235,0.4162550933022732
1.4573514573139341,1.400182850890899,0.6661854975639545,0.3656828345505213
2.0807996691660797,2.328836067442889,3.479254546705762,0.21523036476405935
-0.6707590345228709,-0.21832092159143254,-0.5937365009577312,-0.11378108015358822
-0.6208306357732832,-1.1114552717937027,-0.5759250778523406,-0.15180752856115554
-0.2747200137220194,-0.8237873983424647,-0.68450482647226,-0.13362096627927553
0.7483593288017801,-0.6026951799538808,-0.6052908516180681,-0.07893410067641952
2.252975180582265,2.245106629621067,2.6847988794445965,0.17155061547121564
1.8828965264694324,1.6046025413354257,2.1361598736659233,0.07378565936799561
-0.6854957708540285,0.3106693943727288,-0.33829714099724395,-0.0662480196441291
-0.6881196495856683,-1.6699066240695468,-0.7116556526640069,-0.1773704587615603
-0.5276139382850286,-1.02745881263803,-0.6333189226004668,-0.15603268949532967
1.8337261688685211,0.7876486720766249,0.811956474258181,-0.008490456416388152
0.2128479188169191,0.19396169876432867,-0.5703594919394063,-0.09252405930463756
-0.62481368697355,-0.7895197519752327,-0.6407061348274827,-0.17660738621826463
0.6397058808335401,0.33954011367615605,-0.29464948771299987,0.001951588912920958
-0.182792392350747,-0.5553036218520283,-0.6849369760860687,-0.1339085008608072
-0.49765852534328137,-1.213296312050003,-0.7024873783263996,-0.153047521444011
-0.7094976292965726,-0.9274470286033419,-0.7046942889510543,-0.15970674248156808
-0.7112102595845183,0.06658058571647969,-0.6335322717854535,-0.06418136483937001
1.4307564672674973,0.6458936264394101,0.9870964261846525,-0.0032694337517335417
0.024499368673566075,-0.19105978506178617,-0.49339033157627443,-0.10787635213999082
0.643058461126794,-1.1767731963032328,-0.7073791640436881,-0.15758563972662631
4.8607426649437295,2.6566632176894096,3.1273723789974457,0.49794874205510314
1.1577601291966026,0.6151242524815985,-0.22292711990840852,-0.028108844610847658
-0.48830786520956954,-1.4399460397532728,-0.672867155962524,-0.15511417624877008
-0.23167625557084667,-0.2982403218450107,0.12258267402306025,-0.11601530156413858
0.11780330066280162,0.6722095383770118,-0.5161969420773608,-0.037126974667978256
-0.24606360810806938,-1.287718610698838,-0.7114975476142483,-0.151356622058299
-0.6486417739929469,-0.9094565142605451,-0.687403771402574,-0.14392992671713264
0.4599763586057269,0.07669019786313426,0.10385696783290783,-0.04971478120605635
3.1238416535183764,2.2059008861004434,3.1792514718061127,0.343638516633091
-0.4882737127414558,0.16569089051136215,-0.5627335163203314,-0.11708772784120278
0.917597315191657,0.15626728776037324,-0.5083096433830695,-0.07658129366792457
0.8483152072587273,-2.350001322143917,-0.7048883135112093,-0.17396206806817302
-0.1574672103863452,-0.21125321952819087,0.12963163870230998,-0.11047443246597367
0.5447734696764257,-2.2750222219947447,-0.7134033328911862,-0.18127559471842636
-0.8297723646951103,-2.5055380431343175,-0.7126174854972962,-0.18742914228682134
1.156242973701074,0.41550526532531135,-0.6383843865863307,-0.04358257596570561
-0.5102857338071513,-0.4560370470843642,-0.3282601194202305,-0.1284248056273098
-0.6692540309328449,-0.23481222640566293,-0.6475812533505237,-0.11777186184553681
3.402685320107461,1.979734420076712,2.696329158449283,0.30856801085536084
-0.6997012575772447,-1.5541166115440992,-0.7150658299901208,-0.15676750009257737
-0.535956171880195,-0.5394820950075475,-0.6832203429553814,-0.12370102321643187
-0.3403040541026769,-0.38653223069658316,-0.1664678813720713,-0.11250929258142878
-0.7206461646748998,0.5897530143058595,0.4383696898319366,0.001951588912920958
-0.6576186557126427,-0.3743540363722283,-0.5668049873560498,-0.13692761396689004
1.7808323749615271,1.6079118332713918,1.766061208820016,0.18712385941933557
-0.7495088307229376,-0.46569049380488936,-0.3831769955536109,-0.12857397770344278
-0.7705428215245848,-2.9483814731108557,-0.7165400128879972,-0.18742914228682134
-0.3704573895542201,2.67019454471647,3.5070188350448186,0.2995498807982303
0.11927885734594802,0.19396169876432867,0.21448301266220035,-0.06748801252698455
-0.4096804961552912,-0.033251834231735306,-0.37240977969431865,-0.09724784171551548
4.888915206776901,3.161050336361383,3.6750663271893274,1.7710081017867039
1.1433618052718713,0.6264003583374826,-0.7000243265549184,0.05155130422713918
-0.5875262666459694,0.13841204044271027,-0.20858722223221773,-0.07568274810063799
-0.6379227696738872,-0.8205378801524686,-0.7058488488331245,-0.151356622058299
-0.7466979843582692,0.5485247522702834,-0.37401690632633194,0.15075073485557564
-0.8499876538850164,-2.4654781933831504,-0.712933006358683,-0.1810162498017507
3.1870268730803057,0.754666062448164,0.8168010187352082,0.001951588912920958
2.4176108143812645,1.9420400090727565,2.8872616798126574,0.147650752648437
0.3846105048517695,0.7905167250877954,-0.6091254422144702,0.1011510195413574
-0.5772856362862487,0.07145486300147388,-0.6051720905474635,-0.08307649448288171
2.228084974094031,1.7291522560163273,3.167935620205419,0.15075073485557564
-0.09183470685266341,-0.43270788417642836,-0.6214535992393047,-0.11596471541899406
2.4138426339666066,2.245106629621067,3.2671001625434384,0.2409320354268815
1.2680365582559112,0.5597688237345314,0.7633796962053542,-0.03524819757274271
-0.6753909826172982,-1.451434902323419,-0.7107509274934196,-0.1555275072097219
-0.6127404386421031,-0.38653223069658316,-0.6488236948946537,-0.11881293533039299
-0.47344184977503734,-0.7602328681613775,-0.7049511853539709,-0.14800103878122717
-0.8123065927217902,-1.362278984113255,-0.7023118408403118,-0.1727256693675867
-0.8603850207106803,-2.8404383870540744,-0.716971406999835,-0.19122624967929738
1.4805396210269972,0.25319577319911557,-0.4591609447602596,-0.06607087780372116
1.1462998751526383,-0.9071500380627506,-0.6616597148559037,-0.14900406639122146
-0.6984794297090549,-1.2773981070341307,-0.6903696879749491,-0.15086915556872438
-0.4787198301500318,-1.0593774671171856,-0.6928140903797705,-0.1332076353183237
1.092966268122312,0.7876486720766249,0.7651978608365657,-0.007276265099026635
-0.31712062071695934,0.5531056702742363,0.3261653631116785,-0.03376020611331617
3.4220020617413183,-0.23481222640566293,-0.4711976261191852,-0.1068477866150416
-0.4322703601405146,-1.592173468807708,-0.7115175556709528,-0.15763010383717246
3.0560896620127953,1.3298505962127871,0.9685553783770362,0.07635116188424829
-0.6529107499534549,-1.7951433742136211,-0.7066634853997247,-0.17192606477287775
0.7133415822754828,-0.33823227354575214,-0.45338675811480167,-0.1081355841015634
-0.5951995015195989,-0.6706538536388962,-0.5603153150507046,-0.1468475570297337
-0.5547770216583313,-1.0923600767456465,-0.6807340892448176,-0.14148542564441283
-0.698951496565266,-0.918023425852353,-0.5159722680235775,-0.153047521444011
3.457873694268795,2.3708139342427486,2.4114368743319625,0.21635035833567068
1.8286084004704863,1.1834399876181558,0.4402920469458491,0.00929969488539772
-0.6915842965346252,-1.2369761343473598,-0.6617674186492527,-0.15595770882214113
3.302883668483799,2.502744372756592,3.5980926019604924,0.4101953995761016
1.3070420120114865,0.4578225757920158,-0.4371758098057898,-0.051277373863313234
1.0736838688300907,1.199620135737778,0.31272215747054416,0.07095988848052892
-0.08401922781615435,0.29290952764971134,-0.34181224144640565,-0.06956427967967277
0.9028482535922148,-0.0039339590064367555,-0.6288734015385393,-0.08946749421524597
0.02420877962894373,-1.5990928974010912,-0.7090046886121539,-0.17164741468684283
-0.6260181207759155,0.3867831088999462,-0.6500807917990267,-0.020940587385949
3.2042397170096164,1.3153704261319994,0.525980388553562,0.017614656906884612
1.9070826654218793,-0.21925439167525684,-0.6381718266258979,-0.10716778477835914
1.1221239398382357,0.6974513314600176,-0.49795169032107534,0.15075073485557564
-0.1596574592672214,-0.6306035419471938,-0.6824629749473279,-0.14469104766824595
0.26899072939316704,-1.0340062289414462,-0.7127285090134224,-0.1478201004672674
-0.6018078183537637,0.424839966163555,0.4029633251049252,0.001951588912920958
-0.7045068739026867,0.5897530143058595,2.476231002893835,0.1011510195413574
2.8730117944968385,-0.45180307922448465,-0.6618103153470577,-0.12054467769643616
-0.6466671719025145,0.31489793406868527,-0.3997005360201973,-0.047648126401297265
-0.5991849467773355,-1.038324737567104,-0.6664110464979799,-0.14985360038211057
1.40405635333202,0.6887008431912421,-0.30930934831406937,-0.05473380001761415
-0.7994958426036849,-1.0011728618904896,-0.7163251979547254,-0.19644727234395193
-0.6253738634000242,0.7396739671625,-0.5466369411100068,0.3491495961124485
0.5912767151699386,0.05003758402195387,-0.5839435684747456,-0.10034782392265412
1.0528925033699619,-0.17591470921198268,-0.6100512641433326,-0.13422217494975086
-0.4842714512938358,-1.6530644404294819,-0.7141081159915706,-0.1701290560547749
-0.7473215290093604,-1.1175820723438814,-0.6677183845149208,-0.17164741468684283
-0.7567697180911737,-0.19358396437008688,1.6794730222474965,-0.11378108015358822
-0.4958828611732271,0.3120047226977676,0.0029128622702685506,-0.06040233891066766
-0.6866296625147378,-1.1253426863741074,-0.6234588987240036,-0.1479028701215256
-0.6776473322504555,-1.1735480389080117,-0.6886828760423902,-0.15560044796753694
0.5300197190264906,-0.6306035419471938,-0.6355222111671551,-0.1264241448415262
-0.6402254567021429,-1.0861201235726943,-0.7131628996874219,-0.16566124214891995
1.8527443797912537,-3.632021018137136,-0.7163245179802233,-0.19011539379320067
-0.6392637390503723,-0.21648855438985123,-0.7142810688555523,-0.10768988704482457
0.1449640972984522,-0.39972527454796736,-0.6720683989646012,-0.12014001801438544
-0.620873159187171,-1.9169253174571688,-0.7154803888143969,-0.19024730792967465
-0.7326180865877758,0.16291924264342433,0.2759617238578434,-0.07019345154412374
2.490311008973047,2.6676574208988963,3.3040561770035475,0.2885277218395152
-0.6662655124824275,-2.6462766096186057,-0.7149973118285073,-0.17622214571096975
0.7251289141020594,-0.8237873983424647,-0.6712492736092266,-0.1440920172900549
-0.627811600035694,-0.0698991782633585,0.5663441027422953,-0.09724784171551548
1.2520267364605966,-1.3020796889115205,-0.6872980304286436,-0.15818463481584075
-0.8676612217913532,-3.7949939127718837,-0.7162622333551198,-0.191723489933074
-0.5384981738463642,-0.5394820950075475,-0.6667988740117009,-0.14188758549831187
0.01865232083797641,2.032742185551024,2.0222901197069016,0.4235491690837758
1.390065646585337,0.7585012496142642,0.8052640332553178,-0.04251712136879193
-0.004472392096763868,3.1683934034400756,3.789617529921075,0.9939458951972854
2.3049283410539645,0.014311739936967216,-0.6706357093373362,-0.09111179446014828
0.8380495548707614,-0.3526072607930233,-0.701784615836921,-0.1569601203462248
-0.6430739145352005,-1.512189565406225,-0.6992633893648862,-0.16338079546780646
2.390861828651919,0.44079929340313273,-0.5935124760483754,-0.07410130790221364
1.7396784114787582,1.1669486828039253,-0.5981991585655241,0.17329605999840206
1.8221632180144682,0.7015584706735236,-0.3626793971178939,-0.04188071764383002
0.8911362602776053,1.5492471125883587,2.199123116254765,0.15075073485557564
0.6458923812522498,-0.6306035419471938,-0.6239215903184876,-0.132518750383404
2.413206574173707,1.1098633969085123,0.4660792895887909,0.03988078297673489
0.3496138342865777,0.2899111085925786,-0.24863317038880403,-0.07114272839224274
1.0524119582481595,0.5531056702742363,-0.7061582335206096,0.03737995699450541
-0.45296059731096655,-0.0698991782633585,-0.503673376298422,-0.08452996599392107
0.8459635493721563,1.199620135737778,1.2779905504908786,0.2697900516096994
-0.6339751257580633,-2.4446470715125432,-0.7068325964844762,-0.17497873884973808
0.45674739423162575,0.4578225757920158,0.34295189207552884,-0.050954774088911824
-0.551390503536599,0.4578225757920158,-0.04446340850224065,-0.036448190685183485
-0.6014358148444237,-0.1840697500541845,-0.5219446263025067,-0.09960973292095444
1.256594614623907,1.174016384867167,-0.2936954541406122,-0.014048319252955896
1.1286461449018195,1.8148213719344075,0.3440490705143202,0.48141550361703045
-0.6086712096282907,-0.39972527454796736,-0.6799403845645895,-0.11108962273343685
-0.5074684152319435,0.1609790891358677,-0.40551635941008407,-0.08484791288696093
3.333973129938297,1.36934196916039,1.3952947718562643,0.03312855282471529
0.5944415848468116,0.2197042233523957,-0.2923250624470488,-0.01458164952515179
-0.47700894587296483,0.1348204677063987,1.6801240956503352,-0.047648126401297265
1.8467976566112103,1.2254178544180152,1.5368243977976848,0.05021077138080895
-0.7118527255449925,-1.0893616576885137,-0.6852296975905693,-0.16101890426236748
-0.3225557090495733,-0.6545908944042562,-0.5855349208479348,-0.1270076709040464
-0.676502419670014,-0.22212660731779338,-0.6909961082847748,-0.11850486256446617
-0.7592430353740686,-0.6788088944810983,-0.5706165686318918,-0.1423384920011684
-0.7017609230061937,-1.85578682156051,-0.7111292125950406,-0.17231768111000792
1.5391805397640095,1.1174747683612338,-0.44128689172509855,0.3243497384553394
-0.7158891559714673,-1.3420855496468507,-0.709485122385869,-0.16124747437902284
2.1783592446923272,0.5338502861220276,-0.47776934027771273,-0.05802946216473828
-0.5307975971853545,-0.29478060754831914,-0.6617501964889786,-0.11850486256446617
-0.48264969199761376,-0.20182961677720196,-0.44505418442105277,-0.07853096801203692
-0.49566708229685386,-0.8359468857630956,-0.5699238504622289,-0.14883154564230244
-0.6023454163416857,-0.1740547876163929,0.4706250925210073,-0.11708772784120278
-0.7273769086548532,-2.5055380431343175,-0.7168768716802905,-0.191723489933074
-0.6755779750164385,-2.1807861944848566,-0.7149712240391699,-0.18600522701464284
-0.6297341850360648,-2.683615412971581,-0.7140124393314989,-0.17916252306778496
3.351653624100556,-1.2692668011164823,-0.7055384981700825,-0.15531580110777096
-0.7529162927198463,-1.1493300388311698,-0.4659072639271239,-0.18227592511131815
-0.7544536903840513,-0.21125321952819087,-0.7023996706627831,-0.1220476993726246
-0.5349869748626735,-0.8997841947214069,-0.6925280806203848,-0.1450761386256545
-0.6957144666941025,0.4955169867959712,-0.5604176462164819,-0.031114887963224515
-0.619280483561523,-1.6890454691150756,-0.6091708202097639,-0.16462858704803837
1.6946482543125865,0.0916482974678784,-0.03957952359927997,-0.06117532148699315
0.3935561069723157,-0.6948328343815651,-0.6821438981012644,-0.1357431431534162
-0.7242249256114651,-2.3102273794418346,-0.7134908240224738,-0.17854662320799347
-0.7667763004394146,0.08232825079107639,-0.24438811910807398,-0.0774079555898282
-0.34987262299837313,-1.1913079056310292,-0.6888606671399681,-0.1539332306460506
0.5657012138586328,0.4483989730410271,-0.37407572718245086,-0.032552560870883
-0.6004502887038834,-1.704689394630551,-0.7038756415477656,-0.16444745601219823
-0.7163898854743528,-0.39972527454796736,-0.48148755475537636,-0.12559053618078303
-0.7384765681116269,-1.2156108811467372,-0.5597756516971373,-0.17660738621826463
-0.23557400402684966,-0.10401911925831799,-0.5924078087928886,-0.09724784171551548
1.3109820362202598,1.0486414960931416,0.8043361455736029,0.029005979084312735
-0.6289612759649635,0.03804390779342256,-0.6092919130150477,-0.05867028536001243
-0.8794768530282975,-1.257273124887951,-0.7142154445425999,-0.19644727234395193
0.25681357896752705,0.27130023168623707,-0.5792552483867354,-0.060700683062933636
1.218656266581002,1.2494052068750776,2.129039606007395,0.09475105627500667
-0.5200531250480375,-0.3172687504768153,-0.34921242415232734,-0.11291090970947915
-0.6587295231447879,0.5897530143058595,0.7068097027660482,-0.031114887963224515
-0.7241086487167632,0.17242203533349706,-0.695606372038966,-0.047648126401297265
-0.697846861937913,-1.2392826105451542,-0.7132702177237539,-0.17814261550179997
-0.30815467736328983,-0.15411009646368418,-0.49643000782892605,-0.09404786008234012
0.1545496309807024,-0.0698991782633585,-0.44735345546281136,-0.08849495077771227
-0.18102928459935386,-0.41621657936219797,-0.5927249515052267,-0.10863138293517212
-0.5333452623357455,0.32589213727817234,-0.4748839016720921,-0.052157191429862554
-0.6854058203361251,-2.5816517576615348,-0.7122114029921071,-0.1810162498017507
-0.47938096150340054,-0.13373648722166984,-0.7002262993977916,-0.10220781324693731
-0.3951546102442671,-0.6096146085472641,-0.0935382242525363,-0.13031431859166098
-0.7573840249825796,-1.0835110839184985,-0.6304824094950859,-0.15676750009257737
-0.5444577754045214,-1.4026658530460643,-0.6987812154266898,-0.15414163281123638
1.6136540044683763,1.3616864311421786,2.5126998253294803,0.15571070638699744
1.9944008098174593,1.1174747683612338,0.259079795542338,0.03171141810145187
-0.6720602873114674,0.053785607843369894,-0.43478072197400486,-0.08198639084960221
2.466333549278269,4.283805292693481,3.754714528872747,0.919546322225958
-0.01899353942507164,1.1669486828039253,2.1541979947096603,0.05155130422713918
-0.4704055740057808,-1.183062253223914,-0.7070618074853652,-0.14486356841716497
-0.6669630335093386,-0.10288178789181926,-0.607604609630729,-0.102916380608569
-0.7188700382040928,-2.3218152839306896,-0.7132438813628108,-0.17919519745204995
1.4946612414404312,1.0095316823044527,0.8380995577611646,0.016831503507186416
-0.4416034776117315,-0.4504677508994458,-0.5418260102302863,-0.12335295503878822
-0.5657949694570462,0.14998488592638085,-0.42534993003798865,-0.06672493998368889
-0.28150769499290335,0.455130117863162,-0.7015390509835377,0.13421749641750286
0.20903162610248682,0.7936455101908905,0.22494074942278763,0.1011510195413574
3.07045985163457,2.0409878379581397,1.6800642810544166,0.2120209714201981
0.8361193666740805,1.6263493169146306,2.821547624047738,0.22515030782690296
-0.5462164995541335,0.8008417159280093,-0.3840429974558591,0.08875109071280285
0.46553629290771087,-0.3823660063224617,-0.5981749453734603,-0.11759644287006657
0.9851562961329409,-0.2677948360341239,-0.629496335826022,-0.1111357620034966
-0.6262295325612488,0.9591582421446216,0.16288462252419209,0.07635116188424829
-0.6159392378920836,-0.8205378801524686,-0.6299977359451603,-0.13621904660525838
0.09078364609805754,0.25992691802125045,-0.38412930997834777,-0.0677561190962506
-0.4654205189452845,0.16757561106156,-0.5283270759938667,-0.07974205983990905
-0.242733424635215,0.9437127273917815,1.2748365594705247,0.12099090566704471
0.4357848123855462,0.62855608445699,-0.4839560484999743,-0.03874561339618118
-0.5737793575034273,-0.592642425205003,-0.6699348041154656,-0.13894035603761198
0.519955382105631,-1.0391840326507809,-0.7095871322857533,-0.15414163281123638
0.19922775437898174,0.206234297695849,-0.5706184478675966,-0.07244798405840637
-0.6577340327719506,-1.518778101227891,-0.7121472360002074,-0.1587235452035606
-0.703796185559691,-0.3791111435301795,0.34188257529951066,-0.1220476993726246
-0.1466116044502013,-0.7735281836705243,-0.699964630971638,-0.13739999220797786
0.6452146566040035,-0.03691656863489772,-0.5318412974511344,-0.06264338917071208
-0.6417313271060806,-0.9903440981273836,-0.6554564659645584,-0.1415709915707743
1.1718605498183725,0.9735506536188591,-0.05035179388118512,-0.013711479081042695
0.051215398963532735,-0.15985174997734267,-0.2404591176861291,-0.09488595051007655
1.6585059446943409,-0.20182961677720196,-0.6675856423821144,-0.1497651873423348
1.419603296498586,-0.22613259229291008,-0.4175462612598928,-0.09463733038318821
0.3346908980718558,-0.258371233283135,-0.6659696159390177,-0.10692583494755806
-0.29755352671471397,0.13841204044271027,-0.4149174758584669,-0.06807153858950477
-0.40207922334705876,-2.772864260010399,-0.715932360078597,-0.18928855054602353
-0.22996954851129614,0.6103671453236476,-0.5252647181925598,0.1011510195413574
0.8275942105774725,0.3011551800568266,-0.46088404620901136,-0.07054030270016722
-0.6842312874860215,-0.9755233748414376,-0.6837381873854702,-0.1431735040434953
-0.5559781533124625,1.3270113471773386,0.8194908158114834,0.08697967230872362
-0.6841555939931198,-0.5265814654266632,-0.05248245834245937,-0.13976188341341683
1.5939441751087013,0.4698162520205471,-0.0761207006834758,-0.04284815395153421
-0.3852670538291331,-0.1688470071487412,-0.48102578200266993,-0.117671253903723
1.325430453733706,0.9195791105904686,0.12230172187422994,0.13930464670614065
-0.01568952547697443,-0.019156701911880264,-0.4744739295559779,-0.08898122249647912
-0.5880028161684089,-1.4346968180617408,-0.6594816794983565,-0.1539332306460506
0.9285536779258008,-0.8359468857630956,-0.7009415832107864,-0.1468475570297337
-0.6722367376023696,-2.342034508223998,-0.7153867716547399,-0.1830419438806497
0.2924624898519668,0.5567704046773985,-0.02768806791750214,-0.026391105552346607
-0.6343184170885058,-2.9764916517714757,-0.715294261438897,-0.17526986580529696
-0.29806330410376153,0.25992691802125045,-0.30319593434112824,-0.07330315156382393
-0.7599393263507627,-0.4067428510646613,-0.6436804499015085,-0.12284769478091843
-0.7301782613433478,-0.908440101020839,-0.5817856563925069,-0.15634537485586059
0.595148830700273,1.2207246767633724,0.10425738315369122,0.10776431491658651
-0.7264840985813626,-0.2395240277811574,-0.6787050388399412,-0.12014001801438544
0.6457959089915835,0.5897530143058595,0.15435545642386697,-0.017888297212766326
2.9140049928928184,2.139935666843522,3.021669603326462,0.35993214291988723
-0.4387472349642115,-0.0698991782633585,0.03054583337297484,-0.102916380608569
-0.6500534671292411,-0.7766693845875207,-0.6630125681454908,-0.14282595849074303
-0.5956535964340448,-0.531655713061811,-0.5959746926100828,-0.1263607180956001
-0.3380413891110215,-0.1381390602532775,-0.5635089546122707,-0.10606556888248761
-0.6123754026655375,-2.25357540194077,-0.7114017887580294,-0.16939288217256018
1.374877465313691,1.2344131115894135,0.8618426861444186,0.03645573869672496
1.4754955565775532,-0.019156701911880264,-0.3991459381799655,-0.08780027689375965
-0.7103759388116289,0.3603087734122183,-0.6384748802079212,-0.052157191429862554
1.781375413238665,0.04427139352746753,-0.6672166017665758,-0.05853586878734517
1.1503823870577234,-0.20182961677720196,-0.6020751570215164,-0.10375272241246214
0.42705547620823814,1.9090573994442956,3.2306570366357703,0.19326477655347699
1.7942190197317023,0.36986895011612014,-0.37317708558084794,-0.059457582428492084
-0.6907843511248553,-0.8738502879570931,-0.6607304403868463,-0.12673956433478037
-0.6331264241296132,-2.8637202291447528,-0.7147851907450168,-0.17822696875913707
1.0406465857073408,-0.3743540363722283,-0.661700260966079,-0.10121581894065294
0.37010805593783896,0.32589213727817234,0.4689383930480395,-0.0621147100346109
-0.7379989784124935,0.2211238478701199,-0.6952952615902024,-0.051463489117775575
0.14877007079965215,0.36986895011612014,-0.64989682660108,-0.05756806946414092
1.5531271132995408,0.7023765593786528,0.993773626812115,0.0302942833781885
-0.6355494414395283,-1.8721632043899719,-0.7076019288747494,-0.166687443155421
-0.36136452813316355,0.20715474261571312,-0.39052414296852506,-0.05867028536001243
-0.8009050426180621,0.5072964902347074,-0.4565657488651064,0.24995016548401205
1.4707854548897896,1.232045938649572,1.1233643535993687,0.46960604758983565
1.3633143163307446,0.8942078724147293,-0.018122289133919802,-0.027540133706343936
1.5459162782431672,0.33322160608449697,-0.376122307858266,-0.07779697296484167
0.1065093675700308,0.016142412071756877,-0.6280231380357942,-0.08732789865267183
0.07659637072235378,-0.0698991782633585,-0.44707836778644805,-0.07043718478891105
1.1576692870986758,0.6009335599426259,0.3392887483372638,0.02675144657003007
2.0651288459085024,1.3959945830015703,2.5677324639482664,0.26648340392208486
-0.8740451081207709,-1.2949675358919064,-0.6995388107647392,-0.17310622984314336
2.055583078346365,2.0210738095032195,2.9697302513062938,0.20936858022692442
1.7456359326835278,-0.8284991997179593,-0.6759426039362888,-0.13965370519026696
1.574242683673318,0.5485247522702834,-0.28506899718767587,-0.06040233891066766
2.578199500411663,1.8743388629932842,2.8565282480751044,0.24168354626497573
-0.6474413357899449,-1.2982170540819025,-0.6927497132201453,-0.16134593535235134
1.0032488158411395,-0.3526072607930233,-0.5530817610159087,-0.11749262347642088
-0.21230416167720995,-1.0593774671171856,-0.7053640196191014,-0.15535036536931396
2.440519632864443,4.953605980532994,3.781541792405117,1.1923447564541583
2.1375205538122324,2.005591866649547,2.663836547582726,0.3360970394508121
0.8791243163281296,0.3348873944495707,-0.2955748223764196,-0.08031135355944098
2.155870063206769,2.219481960653339,2.5620572543742752,0.19468191127674037
0.0022030986878582197,0.009259084844947677,-0.3924548538113288,-0.08071460327744273
-0.19927817753719,0.09501386987894596,-0.03934033830188827,-0.023926523424932032
0.560528332606567,-0.10523768857956649,-0.6261860801745567,-0.09724784171551548
-0.1479252815715295,0.995692825117686,0.3546323456766776,0.15075073485557564
-0.279015051887467,-2.3127166329986997,-0.7070795481736575,-0.18156735774968646
-0.648858353640267,-1.404544312066195,-0.6861185482081518,-0.16143570859273906
-0.0968819537474683,0.4578225757920158,-0.333972929954145,-0.06418136483937001
1.1865351975073537,-0.24980432169132702,-0.6280221374910065,-0.1031408771983929
-0.07400668509035042,1.9090573994442956,0.0019811392406184594,0.8947464645688489
-0.7446472594956647,-0.6172701465654756,-0.6901454631215922,-0.15865701305692853
3.4613223918417813,2.5687095920135135,2.916119927149231,0.4185891975523541
-0.6939335521083557,-0.3667426649195066,-0.7140299911656984,-0.1388476029467953
0.4809140009772665,-0.9911375851272664,-0.6916384831610092,-0.1490684398049972
3.193775341340907,1.2607785205400641,0.14660494118786102,0.046490108786912836
2.018908247793108,0.7216834528197031,1.245704184761063,0.001951588912920958
1.1873220498993746,1.632923923485088,2.6641651958368793,0.3656828345505213
2.92205378108514,0.12799647950740695,-0.4957951765145712,-0.09114326136915017
-0.33665396676424975,0.6227356239343204,-0.5169105060911096,0.13421749641750286
0.21125331968992458,-2.5696338027361847,-0.7095853945529466,-0.1855973346189667
-0.6789179411034371,-0.7549226090083156,-0.4026625368477559,-0.14423704569740645
0.9716065004738773,1.20684700090287,0.8626091801000139,0.5971481726835396
0.8058353982383866,2.5687095920135135,2.8718464083249104,0.3987493114266667
1.6647848639867593,1.060933151855301,2.556359890907383,0.05155130422713918
-0.8297767400415207,-2.8099929012431875,-0.7161032679420505,-0.17660738621826463
-0.7197509192670866,-0.3172687504768153,0.4277170501151844,-0.11708772784120278
1.2803917935358304,1.1242987565602258,0.8017898775155097,0.02755144197832393
0.9548561058940452,0.06203126025048498,-0.1473600224153321,-0.09482834340750484
-0.24537470568804978,-0.8284991997179593,-0.6879864333664333,-0.1495529960468729
1.7768229065753856,2.0210738095032195,2.0997732517505616,0.14012222443110028
2.10463865327465,1.7291522560163273,2.5267771034918916,0.12404319584022735
2.0778936796554093,-0.15411009646368418,-0.6272269520300425,-0.08430878554658901
0.37649171937225107,0.06203126025048498,-0.10329800301678857,-0.05292469186025664
2.3321830507854,0.5237877950489377,-0.4125237549186615,-0.06634965840501887
0.20416548139990928,0.32589213727817234,-0.1102920368270432,-0.03686557959385851
1.6113885326507216,-1.0593774671171856,-0.6892866695857129,-0.15361115457258165
2.5951531257045772,1.9090573994442956,2.9738462376092363,0.16427792994127144
3.061479197210516,2.43677915349967,3.13827647785132,0.20035045016979383
2.9625718994146446,1.288208277026208,1.8326904232771444,0.04604022474778162
-0.2799726170878329,-0.31222039186021405,-0.6393515049340046,-0.10869392986495047
-0.6037208766564784,-1.0263948574887245,-0.6082306188792614,-0.14448566582429476
0.8288273813248473,0.390323281668654,-0.05036507604207228,-0.028108844610847658
0.4646782461997575,-0.3630779305163442,-0.4945067893043634,-0.11749262347642088
2.6013233217663787,0.7216834528197031,0.5654085711674101,-0.031114887963224515
-0.6956442630226404,0.11000596516461005,-0.10181389675311853,-0.047648126401297265
-0.6413158177937529,0.62855608445699,1.9400305249314513,0.20035045016979383
-0.6595831862509602,0.34238344209240273,0.7728830396067145,0.02675144657003007
-0.7510227666239376,0.09501386987894596,1.678393860120436,-0.047648126401297265
-0.5130999896398716,-0.20182961677720196,-0.7031190248543542,-0.13031431859166098
-0.6435826682582954,-3.2482233788241364,-0.7167422138829987,-0.19484728152736425
3.0933887141575314,1.6122139127881474,1.6045674071003984,0.13303655081478347
1.985857541437786,2.1917654819739605,3.4691783551922546,0.31758614091249143
1.675546185335442,1.8066975764594173,1.2667120850272044,0.1011510195413574
1.2316107261902658,0.6821043212655501,-0.12788250770056303,-0.03214821536560407
-0.6950503468965817,-0.7295513708325765,-0.711095188690282,-0.15560044796753694
-0.5090378437340217,-2.0488557559710125,-0.7115221658755723,-0.173844870428612
-0.6911099842176145,-0.7895197519752327,-0.5143884936816828,-0.16338079546780646
-0.6283089943688628,0.5897530143058595,-0.4084868921855893,0.06808454266521191
0.9016663321854369,-0.0039339590064367555,-0.2773427412287772,-0.06748801252698455
-0.655186557495083,-1.0033692620877237,-0.4029232186599665,-0.15081553425487118
1.8316310053460527,1.5462486935312256,1.5643487079629665,0.24168354626497573
-0.598567205651766,0.10471463741672851,-0.18242868715015562,-0.07244798405840637
-0.5283154961881562,0.27426718307710296,0.42346021886360014,-0.05756806946414092
1.0882060068028687,0.13841204044271027,-0.31809978938350086,-0.0798879413555391
-0.5305682795012203,-0.3027175991701413,-0.514885719935109,-0.1163246552979071
-0.6026201880962655,0.22694430839278962,0.08162760597040661,-0.04351481679177907
0.9807415881154805,-0.15411009646368418,-0.6208237808213951,-0.11141918894814926
-0.7200140096722876,-0.8310363235355331,-0.6815089539422864,-0.1539332306460506
1.7942385189170265,0.6839890418157477,-0.07453974097772144,-0.047648126401297265
-0.6715045440189978,-1.9409126699142316,-0.704650016359084,-0.16302137724089183
3.31491441816747,1.6263493169146306,2.3885604761182857,0.10698628016655952
-0.24516995598677924,-0.5496462274046079,-0.6053684992538966,-0.13031431859166098
1.3700981505989356,-0.5999768330064801,-0.5825759595274456,-0.0851830460985435
-0.7437486954288759,-0.5265814654266632,-0.594746964538727,-0.13976188341341683
4.853346777500303,2.9645009075550446,3.5746114104058355,0.45348003177339036
2.830561093913184,1.1174747683612338,1.1772023804990392,0.14173260479844504
-0.6857457764968506,-0.8944644189748812,-0.6568426130361968,-0.1484475478463214
4.420514560642735,2.139935666843522,2.0839067716685045,0.2866108246293038
0.6480423769461489,0.3579833250247829,-0.6658687410915307,-0.06418136483937001
-0.7076459042696254,-1.2116048961716204,-0.5449063175773529,-0.1648838171439949
-0.4815690557325539,-0.13373648722166984,-0.6854340615292506,-0.10964777054407004
0.24283088818568188,-0.1381390602532775,-0.6992406271564475,-0.10079067852367392
-0.6452743422880091,0.08232825079107639,0.08269712105881731,-0.07435566541664552
1.1361630890995171,0.6086002198078371,-0.3336117181849868,-0.06921322001617476
-0.5827690680690135,-0.42970946511929553,-0.5933999895244866,-0.1250236822914777
3.2468270274657263,2.0931463834171007,2.9274453389246675,0.16563064944984107
-0.5594772664336154,-1.022730123085562,-0.6907445670472175,-0.14166549722078553
2.398841800075037,0.5237877950489377,0.17414236745298353,-0.008222711664354648
-0.10057151826803702,-0.016413865352340865,-0.6178828452085197,-0.08255162977056196
-0.5693054172020136,-0.0698991782633585,-0.6553067613083863,-0.08898122249647912
0.36084829568964827,-0.39972527454796736,-0.44169246340865964,-0.11194405366046903
1.0090631724092092,1.9597998757957737,2.837154409677757,0.17279505277300594
-0.06454911790755166,-0.23481222640566293,-0.5226661609252552,-0.11505286772574767
1.6432538008113962,0.4882680616029028,-0.20292972991946834,-0.05473380001761415
1.5113600564648428,1.6891733352545562,0.2205132982811581,0.2074361237861107
0.8556944848965353,0.206234297695849,-0.5887510249773813,-0.11378108015358822
-0.15522845294790646,0.6184335444175645,-0.34912414076291576,0.023208609761871637
3.2240027439773464,1.9420400090727565,2.1892414453590714,0.1856542382248403
-0.5544338128815948,-1.1396054364837123,-0.6604506588167166,-0.14920944823517268
-0.7552233550945123,-0.7295513708325765,-0.5771085293511086,-0.1270076709040464
2.5716211918495775,-1.4991455954966644,-0.706719333410431,-0.16210900789564703
-0.7591486929990134,-0.9934122478602638,-0.5247978358037728,-0.15511417624877008
-0.7497910405664152,-1.592173468807708,-0.6985421116734472,-0.15763010383717246
1.7666578706441196,-1.0593774671171856,-0.6848278733266523,-0.15216181224197137
-0.6797027709296645,-0.5355360200769241,-0.6894270512121984,-0.13031431859166098
2.4732159526712554,1.0337496823812948,-0.44219164891646007,0.10977705698730839
0.8988680587501707,0.5897530143058595,-0.48306196996337847,-0.06359089203801027
2.109203972273079,0.8327827694629397,-0.5440949205734137,-0.009385488873186068
-0.7357063299148703,-2.1503407086739688,-0.7130182518673637,-0.17495406237445738
-0.37089160553629524,-0.3743540363722283,-0.5556959059247305,-0.10964777054407004
-0.8165374784024152,-0.3630779305163442,-0.05689609860487932,-0.12777074344734207
2.1334557744431657,0.8206312817050859,-0.41142542500461876,-0.023334540462954998
1.400248580160033,-0.14601289279057583,-0.6448658325228794,-0.1016242871844171
-0.6185394237101419,-0.9869766167132471,-0.5828430698585985,-0.1539332306460506
-0.4171992317684061,0.37536605172086374,-0.36216769480280253,-0.0366259674425821
-0.24063417470430673,-0.5212401521265074,-0.6221005447216928,-0.13478276141276171
0.5550024104313968,1.2729642137525496,2.3532541280914234,0.24995016548401205
1.735146113962673,1.6970263375470471,3.5394057871215,0.4185891975523541
1.150282728224011,0.5072964902347074,-0.13888362320679556,-0.029611866287036066
-0.2933908386504989,0.413845762954068,-0.6120415903968578,0.011871531975764611
-0.7569271232421345,-0.7295513708325765,-0.6476794626830609,-0.149458068362061
-0.2242285244001407,-1.4947479142128695,-0.7098937145107945,-0.15180752856115554
-0.702252687176623,-2.5985659164453607,-0.7159250446752488,-0.18542511338523676
-0.3570410089391947,0.09501386987894596,-0.6039566355436001,-0.08622568275680031
0.8161678778512456,-0.49396130205785566,-0.20961043191763792,-0.11708772784120278
0.5666032451810671,0.5897530143058595,-0.010860192795257552,-0.09992890740817592
-0.25894735221289494,-1.3420855496468507,-0.6990615520225129,-0.1468475570297337
-0.5685104993129303,0.21280890426630628,-0.6286224152376201,-0.0774079555898282
1.818602362976704,2.4672246393105572,2.9145232094073337,0.22645556349306664
-0.005536187405828633,1.2369589390907527,0.8265334584884897,0.3193897669239176
1.7089070789851573,1.2494052068750776,1.8960327652751072,0.09592999687670284
0.5277691233866317,-0.5861487202740508,-0.679614471658983,-0.1289072344692718
-0.13258800005173285,0.1541336418544891,-0.06413331038690206,-0.06705671065468702
3.738313916507703,1.4692892710648169,1.7931475355817401,0.07780997704054882
-0.7068900260280427,-3.368160141109449,-0.7163363755358002,-0.18597279830244
-0.06203131243256961,-0.011694573036662884,-0.19425194934270582,-0.09724784171551548
2.580248351305144,2.3048487149858263,3.379885023108401,0.3762039862838402
3.3754933842139603,0.6227356239343204,-0.3870308464031916,-0.04980463576278502
0.960005137380489,0.8404208474821624,-0.1272733334402283,0.025759452263745725
-0.6564461371729621,-0.0698991782633585,-0.4760792623822574,-0.09141258109031335
-0.6657414285361546,-0.9127880909906926,-0.6774830709072641,-0.14432553760697686
-0.2781491130452336,0.11000596516461005,-0.39700676070231744,-0.07164798865011252
-0.7344079334844964,-2.0488557559710125,-0.7107965180693293,-0.16913148709844045
-0.46878974206563945,-0.31222039186021405,-0.5243458141964256,-0.11929215963294582
-0.397150370849511,-1.404544312066195,-0.6862311346131904,-0.1276690004415693
2.357923296272118,1.843092180187374,1.919217387733892,0.19208383095075746
4.519182617799029,1.6451965224166085,1.9240101779028762,0.07120402161579169
-0.6028008651369077,-0.7955165900894983,-0.6785700300874732,-0.1315861061638204
0.7621686650566935,-0.33975689340531123,-0.7151844584998953,-0.1220476993726246
-0.3887635499978103,-1.7789980408290598,-0.7080015836186727,-0.17390194720112545
3.4561359387604713,1.5598297680841213,0.8536186671625461,0.36154952494100306
-0.6673930557631563,-2.9034051872538638,-0.7148702515073899,-0.16743611810356016
-0.6796974544710072,-1.5541166115440992,-0.7071957577662831,-0.16143570859273906
-0.5657876469433366,0.6497213954485156,-0.5234682932777787,-0.047648126401297265
-0.3709586061239701,-2.2687398201607523,-0.713897256171724,-0.17039489662335247
-0.738055560722489,-3.203247092967144,-0.7157179057346201,-0.18542511338523676
-0.688288174720808,-0.7661987148641997,-0.32239915727850965,-0.15511417624877008
1.1983399151443832,-0.1863083887167499,-0.6339487211819883,-0.02780824027560998
-0.8233618713062943,-0.23481222640566293,-0.5461071252034893,-0.1048785671484721
4.3926582655459665,0.9195791105904686,0.7641181797103929,-0.041178598316834014
2.1134106449517756,-0.6353153433226882,-0.7054457662554283,-0.12743897277634397
-0.2876174699973881,0.7489794056156707,-0.5586621161903551,0.12949371400662493
-0.6561786383998683,-0.1405761988957747,-0.7012029683584479,-0.11378108015358822
0.17239757707992437,0.04651003219003291,-0.6875655510896227,-0.0882297116583849
1.7477869355326388,1.3373588325509733,0.9641850919259054,0.10435100117453276
1.801326860784647,1.2106021367239472,2.2942696010740846,0.20035045016979383
-0.5859449586656181,-0.9443218521341825,-0.7141196074163332,-0.16124747437902284
0.5879887414068903,-0.3337600552910457,-0.6958028605239116,-0.11348047581835054
1.944121508285749,2.255374800543135,3.2053488499252576,0.5069668721122338
0.10413311693448452,0.0007778423690576973,-0.5916602475617696,-0.10000338145519426
-0.6677220075148912,-0.6455956372328578,-0.6864551868072498,-0.13739999220797786
0.09914745097656485,0.4908051854204768,-0.10013714449132155,-0.03478894094946292
-0.6132680889084692,-0.3337600552910457,-0.6972041612589754,-0.12335295503878822
-0.15440412117342578,0.3918573565350941,-0.022754478642649536,-0.04581109990817806
-0.7338745374802028,-0.531655713061811,-0.3606225200378792,-0.12618100898214277
2.339306775171351,2.137398543025948,3.087761514255188,0.25641969356847527
1.1311207747886374,0.06203126025048498,-0.3867949368202585,-0.0834060606975941
-0.7574527344319657,-0.5861487202740508,-0.6221628509826621,-0.13225940546672835
2.5922415555633904,-0.03691656863489772,-0.5039056233644872,-0.07343997836469074
-0.05199860183642443,-0.6026951799538808,-0.49385138527474015,-0.14354090934211916
2.142969725807066,1.6762389785375127,1.4919129020940975,0.12004614918486912
-0.3059026040120961,1.0185269394758514,-0.4618042425313652,-0.01330986195299231
0.0467989820843612,-0.20182961677720196,-0.5213412119727863,-0.09724784171551548
0.01605059126561848,-0.39972527454796736,-0.48673822119125854,-0.11669871046618929
-0.6364742906062625,-1.6996281246108382,-0.7046830980805311,-0.15535036536931396
1.3945989512566337,3.269590046618308,3.7472778374993623,1.4899430483394676
1.5164815562903822,2.3256798368564335,2.974815418958326,0.7955470339404125
-0.0977491886828837,-0.7625339804610374,-0.6192904423003515,-0.12714356053504428
-0.5629830664049429,-0.5376525511760766,-0.7062059222854048,-0.13444762820117914
0.2545098352518364,0.754666062448164,2.814678702407737,-0.022848268744188154
1.674902712219756,0.5347819982584248,-0.5831595385513272,-0.01330986195299231
-0.5810116317572129,-0.7419976386169013,-0.642327296790483,-0.13302468554872207
-0.8089316238635075,-1.7190296596864036,-0.7013500772815943,-0.16751410507732462
0.6858788041838014,0.5057972807061408,-0.10587577298951935,0.08875109071280285
-0.6589655524452084,0.6086002198078371,0.9710196316651821,-0.005679136520035687
0.01061158163197622,1.5792313031596867,2.252648413599355,0.1774582738709239
-0.2080334851103612,-0.4570863347713778,-0.6599111912919654,-0.1235660580046925
3.5609955238561612,2.680515048381178,3.2788447697748184,0.4681889128665723
1.9845023893346343,1.4822236277818603,0.4098835096839071,0.09213288948422682
0.7158020624571168,0.6103671453236476,-0.5970036019446747,-0.017888297212766326
-0.3558592278737168,-1.860383700951236,-0.7081632612528851,-0.1558656870868643
2.3366767792101073,1.8011143133875145,2.673735997306308,0.1593024099097512
-0.7764295776926924,-2.3042049918042586,-0.7138663693985626,-0.18025144693522763
1.6393441893878613,0.754666062448164,0.8648698100465018,-0.015217543311231508
2.297518155308682,1.3362015480026062,0.41586901095712714,0.0698248835534301
-0.49985838347551953,-0.1381390602532775,-0.5111183931608242,-0.10433351533183237
0.14326077494084186,-0.564638322690272,-0.6874386814825962,-0.14952862272239417
0.43566192293900513,0.04427139352746753,-0.43400131122365726,-0.12322864497534407
-0.6673567156218372,-0.8442734912793971,-0.5070875059193605,-0.13877318476927955
0.3278047715067357,-0.7295513708325765,-0.6111755671078642,-0.14362679629504424
0.9974583172940635,-0.6353153433226882,-0.7041301857818693,-0.1647878795901956
2.942526241579537,0.9001775755149032,0.35338553633434683,0.07139119035282648
0.4324398765654547,0.2017223127945548,0.28819262350072916,-0.05666625645842784
-0.05252486520053196,0.8815222533268599,0.755476326616026,0.010577626358871947
-0.4734670369106948,0.4508788685018136,0.7502812501249194,-0.026391105552346607
-0.6269540734160876,-1.7363889279119094,-0.6964032646244123,-0.17053030398156763
-0.37701505143447017,-0.3526072607930233,-0.6717257608513214,-0.11992199728772954
-0.17739033375584706,-0.14601289279057583,-0.5658705021934345,-0.10891836296591978
0.496664505071739,0.6497213954485156,-0.608279205448776,-0.0051340847033959055
-0.6038004171520732,-0.5196620368332797,-0.6432650840248354,-0.15773529941578163
-0.07458237335815551,-1.8405445372649438,-0.7137469928944297,-0.16881314524031607
1.8260934678644687,1.3882793526791235,-0.0026121880650324066,-0.03376020611331617
-0.7263838371055974,-0.9694248954032012,0.12581469176454418,-0.16810457787868438
-0.6321650697141483,-1.2242905152594903,-0.69778409921495,-0.15924748585828827
-0.46546347989381337,2.1418758203510784,3.0043604561756574,0.5640816958073942
3.3169574903015415,0.8865965009620076,0.24082568105357918,-0.018255702511390148
-0.630386895911436,-1.4104826663878984,-0.714123646476467,-0.15990011369137008
3.69232529430577,1.0962716621715092,1.6267872872972295,0.04500039843092169
-0.7691807349101412,-1.9499079270856299,-0.7093065099775121,-0.17550517032239313
-0.3403052263653001,-2.821131493613024,-0.7157659963962532,-0.18322068159349375
-0.6180466936613542,0.2899111085925786,0.2378418149012,-0.05315920588065485
-0.7501580000443275,-1.3000613752167651,-0.7125270924150067,-0.174178012406956
-0.2546529827324648,-0.3697410839766394,-0.6610680654185859,-0.11584773495834731
0.713531587884887,-0.7295513708325765,-0.7052947643555844,-0.09966734002352613
0.13082591661162254,-0.3920549002157672,-0.6953604047992107,-0.1220476993726246
0.3942361926565496,3.32259781209262,3.7779121727356766,0.696347603311976
-0.6761853969287756,-0.564638322690272,-0.7010941473525589,-0.11311975061606533
3.572135023731382,-0.3526072607930233,-0.6457950248770427,-0.10758111573931094
-0.12477300395440305,-3.0383340448248397,-0.7161253937152616,-0.18806422186830943
-0.018075368853141482,0.424839966163555,-0.04873382874608235,-0.04980463576278502
1.206679160295398,3.7296974509353373,3.6329104515551154,3.2259330843371052
3.8708695764678307,2.2059008861004434,3.3702758792444363,0.41114924025522126
-0.7942126530898508,-1.0072996624406683,-0.704084584146845,-0.16810457787868438
1.6720146368632574,-0.6855745579946287,-0.6960454945144798,-0.14473693084614994
3.0975372029843395,2.0367320173609182,2.0309783977481177,0.08697967230872362
2.549627629792512,0.06816755971624526,-0.22356571709073694,-0.0882297116583849
5.522187986566611,3.16239656532581,3.644222257323589,1.14274504113994
-0.6338999358427673,0.19649882258190263,-0.5334940749784489,-0.05867028536001243
-2.2519072672617897,-5.299998705062158,-0.7170513833143343,-0.19540306781102104
2.4133085114897015,-0.9887004464847694,-0.6964286006731779,-0.17470912550870812
-0.6979504338172833,-0.6824333570776323,-0.6196970845669576,-0.13582539807101854
-0.4316083949947167,-0.0698991782633585,-0.7081951735150366,-0.10138115132503366
2.0460553074921037,2.2135122575531647,3.0635643862393875,0.22191554378467135
-0.6756127548927167,-1.3892035634017945,-0.6629123676268865,-0.1661830392708696
1.5999616798361478,0.19396169876432867,-0.5841973648197506,-0.11274775275120869
-0.5320714091221236,0.3957376635502072,-0.24655526010948767,-0.03772818333845361
-0.5679068583603215,-0.46569049380488936,-0.5943467378267847,-0.1468475570297337
-0.3041789321659916,0.4698162520205471,0.5539373197403875,-0.03772818333845361
-0.7052312331393725,-0.49396130205785566,-0.6348318763228502,-0.13031431859166098
4.625411207509713,0.37816646197233666,-0.586919078072072,-0.048953382067460895
0.3666113946617503,0.16997434630726624,-0.5705072119986851,-0.08898122249647912
-0.11983239580914103,-0.39972527454796736,-0.6698955494842969,-0.11835410355135303
-0.7318683585972796,-1.0593774671171856,-0.6976081924163988,-0.17784737910112008
1.3015968191052756,0.5509499441547291,-0.34195580033936984,-0.031114887963224515
1.7637088046097322,0.5359038557287804,-0.14070691862557258,-0.028834441282111038
-0.7785282084708067,0.020053393450625682,0.7572787988268768,-0.08071460327744273
-0.7054413983637475,-0.8944644189748812,-0.6923479468476064,-0.15428751432686644
1.098363381750231,0.8865965009620076,0.8634498386127246,-0.0005283968527899443
0.6348602424714979,0.7876486720766249,0.4288042939011631,0.005051571120059597
-0.5285222849659615,-0.18983594054867084,-0.19662704160158065,-0.10408918175885593
0.6364321393293817,0.22694430839278962,-0.09101688049038385,-0.07244798405840637
1.1830237756286572,-0.3717739104560514,-0.19578870970759857,-0.12154157982860196
-0.6282196877698649,-0.8614818093464203,-0.2998711089584626,-0.1523586365090913
-0.027787102385537762,-0.17052408899425608,-0.5913384013857618,-0.0774079555898282
0.4046255600281155,1.1820937586537288,0.7259256259204045,0.05155130422713918
1.8402413568671068,1.6451965224166085,-0.12221246932516987,0.1389412788283808
0.59565859983395,0.0020628791078288054,-0.5410322492894288,-0.09211683668301016
-0.19440740982708435,-0.7845223868800114,-0.6614750390880053,-0.13238097339642005
1.5747499266635954,2.0612848284987306,-0.5718776436255616,0.3491495961124485
1.7902815711985518,-0.23481222640566293,-0.6285608626132653,-0.08770943492431964
0.4435494259561905,1.9090573994442956,1.7821406287941415,0.49794874205510314
2.4169576164390287,1.3813356453889212,1.239532742479196,0.1701593191089654
-0.6349758252697403,-0.33732574281844685,-0.5335648932813734,-0.11881293533039299
-0.587203267016427,-1.42689797440575,-0.7121025365154671,-0.17164741468684283
-0.7980706601918535,0.11000596516461005,-0.6093257960344648,-0.031114887963224515
-0.5661856135931692,-1.4221861730302556,-0.6972020890558135,-0.15845600103944438
4.028777215325282,2.865553078669662,3.539397968424203,0.5039608287598568
-0.46115043676511797,0.3743563799975434,0.4940097266014476,-0.04528623519585833
2.426126014500946,2.615827605768458,3.0487468440356755,0.4167855715409278
0.44138386063336627,0.3162386905576472,-0.6045687380455477,-0.10072852349195187
2.4656577316206283,0.5897530143058595,0.07006530895825906,-0.022096757906093938
2.6540098233179625,0.7216834528197031,0.3128549176105791,-0.010987467256005527
0.35866349535335845,0.6722095383770118,1.1442620092039468,0.1011510195413574
-0.6557760982747312,-0.20182961677720196,-0.5591569496194801,-0.09724784171551548
-0.7939288747259619,-0.0698991782633585,0.1506110877773243,-0.09724784171551548
1.3689072143274779,1.9090573994442956,1.6828697819423906,0.4185891975523541
-0.6819911514006949,-1.3067470393306424,-0.7128345025918571,-0.18227592511131815
0.8608101564304417,-1.138535730225492,-0.6921884713277264,-0.15072927388041166
0.5517220646307692,0.5297846331632032,-0.32065241284554785,-0.021389453587887623
-0.7270047565488423,2.0612848284987306,3.0777114065262103,0.49794874205510314
2.3313694014604565,1.0553898561194253,0.5397863759640552,0.001951588912920958
-0.29901128481887723,-2.2750222219947447,-0.7105857118808392,-0.1733007385306501
0.3132772510323359,0.36614210157053134,-0.28066813222884934,-0.06793891902984109
-0.226755774019073,-0.5196620368332797,-0.5076136478869138,-0.12899165951661512
-0.46878798367170466,0.14213188363389007,-0.6723315930058369,-0.09724784171551548
0.8445553730237317,0.3836117041279788,1.0318229489130526,-0.04056245278498038
-0.769935403739933,0.25992691802125045,-0.7139555489333066,-0.047648126401297265
0.2704732123322349,-0.9694248954032012,-0.6880565137465865,-0.13809466609193047
3.0278973072902176,0.8783508485548924,-0.14931783918636773,-0.06342985400127579
3.936933542817497,2.6075126621646443,3.294118199665948,0.8947464645688489
-0.6305309025959358,-3.3256019351372412,-0.7166605849096668,-0.19183334533797816
-0.655759397660036,-1.4070320010388004,-0.7003232212677196,-0.16338079546780646
-0.5446531882816594,-0.45469629059540223,-0.6280305055974837,-0.13503810100253888
0.020642046767322047,0.6151242524815985,-0.15810060063939935,0.006460653941486247
1.2306355853059228,3.096431346068888,3.6648281860769147,2.680336215880705
-0.7041052831451667,0.016142412071756877,0.6105327954152033,-0.08071460327744273
-0.6276142306357272,-0.8546578211474282,-0.46390687381707635,-0.1411245129550162
-0.7374917024007336,-1.9828905367140912,-0.6857762973654292,-0.16908191217059015
0.21979901514855021,0.5648604787372097,0.3679286105103858,-0.028834441282111038
0.4721014671751941,0.9716569152669857,0.7314796339504075,0.08548795154739375
0.8082928652097566,-0.28978324245309783,-0.6182993301552099,-0.1528736906660406
0.7717191546908062,0.9928737986537152,0.8100162829346387,0.01745149994861415
-0.6399670636028054,-0.7295513708325765,-0.5862879091294974,-0.15467909102671554
