,input_size,kernel_num,dense_size,dropout,lr,batch_size,kernel_size,pool_size,epochs,dense_num,conv_size,l2_regularization,seed,val_corr,val_corr_std
0,150,2,"[32, 64, 64]","[0.2, 0.4, 0.2, 0.4, 0.5, 0.4]",0.1,16,"[62, 36, 51]","[39, 69, 47]",4,2,"[128, 128, 128]","[0.1, 0.0005, 0.001]",3906,0.113862452184319,0.227724904368637
1,150,1,"[16, 128, 64]","[0.5, 0.1, 0.5, 0.1, 0.2, 0.4]",0.001,64,"[40, 30, 26]","[57, 22, 104]",4,2,"[128, 128, 128]","[0.05, 0.0005, 0.01]",7467,0.299663423847117,0.247160748698181
2,150,2,"[32, 32, 32]","[0.4, 0.3, 0.3, 0.4, 0.2, 0.1]",0.001,16,"[86, 83, 64]","[11, 34, 58]",7,3,"[32, 128, 128]","[0.0005, 0.05, 0.0005]",8191,0.634348342593646,0.009467779206365
3,150,1,"[32, 128, 128]","[0.4, 0.2, 0.4, 0.5, 0.5, 0.3]",0.001,128,"[127, 44, 145]","[15, 13, 4]",1,1,"[128, 16, 16]","[0.01, 0.1, 0.05]",7515,0.628520728977139,0.007340861318164
4,150,2,"[128, 64, 64]","[0.4, 0.4, 0.3, 0.5, 0.5, 0.2]",0.0005,32,"[84, 10, 52]","[62, 7, 15]",5,2,"[32, 64, 16]","[0.1, 0.001, 0.001]",5915,0.676768874741623,0.00815321267035
5,150,3,"[128, 32, 64]","[0.2, 0.1, 0.5, 0.2, 0.4, 0.2]",0.1,64,"[120, 135, 110]","[15, 7, 18]",6,1,"[16, 32, 128]","[0.001, 0.005, 0.0001]",906,0.619479251563925,0.020638103051347
6,150,2,"[64, 64, 128]","[0.4, 0.2, 0.3, 0.4, 0.3, 0.5]",0.005,64,"[105, 115, 89]","[23, 18, 31]",8,2,"[128, 16, 64]","[0.0001, 0.0005, 0.005]",9758,0.618273341218963,0.022022253494137
7,150,3,"[64, 16, 64]","[0.3, 0.1, 0.4, 0.5, 0.3, 0.3]",0.001,32,"[63, 45, 80]","[13, 72, 7]",4,3,"[16, 128, 32]","[0.001, 0.001, 0.005]",9409,0.634153437704981,0.014437559667558
8,150,1,"[64, 16, 16]","[0.1, 0.5, 0.3, 0.4, 0.3, 0.5]",0.0005,32,"[42, 32, 90]","[22, 4, 47]",9,3,"[64, 16, 128]","[0.005, 0.001, 0.01]",7400,0.634827520537837,0.013248947737183
9,150,3,"[128, 32, 64]","[0.4, 0.3, 0.5, 0.5, 0.4, 0.4]",0.05,16,"[112, 41, 12]","[12, 82, 49]",7,2,"[128, 16, 16]","[0.05, 0.01, 0.05]",5906,0,0
10,150,1,"[64, 16, 128]","[0.5, 0.4, 0.1, 0.3, 0.2, 0.4]",0.05,32,"[105, 121, 86]","[3, 6, 23]",7,1,"[128, 16, 128]","[0.0001, 0.1, 0.05]",1624,0.643416731180306,0.023736599655276
11,150,2,"[128, 32, 64]","[0.1, 0.2, 0.4, 0.2, 0.1, 0.5]",0.0005,128,"[27, 149, 104]","[75, 1, 19]",6,1,"[32, 16, 16]","[0.005, 0.0001, 0.1]",5873,0.653895857031614,0.013343247117969
12,150,2,"[128, 32, 16]","[0.2, 0.2, 0.3, 0.2, 0.2, 0.2]",0.005,128,"[143, 9, 34]","[1, 32, 4]",1,3,"[32, 16, 128]","[0.1, 0.1, 0.0005]",2778,0.629066550687412,0.01089073688946
13,150,1,"[128, 128, 128]","[0.3, 0.2, 0.1, 0.4, 0.4, 0.4]",0.0005,64,"[20, 37, 69]","[65, 23, 12]",8,1,"[32, 64, 16]","[0.001, 0.01, 0.05]",58,0.582454572352092,0.027788518581177
14,150,3,"[64, 128, 32]","[0.1, 0.1, 0.5, 0.1, 0.2, 0.5]",0.1,32,"[39, 80, 109]","[20, 4, 24]",9,3,"[16, 128, 64]","[0.005, 0.0001, 0.005]",2524,0.610724092815326,0.033920537244642
15,150,2,"[32, 64, 128]","[0.2, 0.1, 0.4, 0.5, 0.4, 0.2]",0.005,64,"[56, 128, 135]","[46, 21, 13]",3,3,"[64, 64, 32]","[0.1, 0.005, 0.1]",9993,0.605633702048411,0.017855873453561
16,150,1,"[16, 32, 16]","[0.1, 0.3, 0.4, 0.2, 0.4, 0.5]",0.0005,16,"[28, 19, 95]","[104, 117, 28]",5,1,"[32, 128, 32]","[0.0005, 0.0005, 0.05]",8019,0.456976677593895,0.07841644878482
17,150,3,"[128, 32, 16]","[0.5, 0.2, 0.5, 0.5, 0.5, 0.2]",0.1,128,"[118, 24, 55]","[1, 59, 23]",3,2,"[128, 32, 32]","[0.01, 0.01, 0.001]",5826,0.645275627601591,0.007313801269935
18,150,2,"[16, 64, 64]","[0.5, 0.5, 0.1, 0.4, 0.3, 0.4]",0.05,16,"[109, 111, 25]","[8, 30, 21]",2,2,"[16, 16, 64]","[0.001, 0.005, 0.0001]",3617,0.629033127675557,0.010504537009326
19,150,2,"[16, 128, 128]","[0.5, 0.4, 0.4, 0.3, 0.5, 0.2]",0.005,32,"[60, 122, 129]","[74, 15, 13]",5,3,"[128, 16, 64]","[0.0005, 0.0005, 0.0001]",6124,0.51104313933714,0.255690909732462
20,150,3,"[32, 16, 16]","[0.1, 0.2, 0.4, 0.3, 0.2, 0.2]",0.1,32,"[121, 82, 12]","[17, 32, 10]",1,1,"[128, 128, 64]","[0.1, 0.005, 0.0005]",687,0.648800586604855,0.012651765326546
21,150,1,"[32, 16, 128]","[0.3, 0.3, 0.3, 0.5, 0.4, 0.3]",0.001,64,"[111, 16, 29]","[31, 93, 63]",7,2,"[64, 16, 32]","[0.001, 0.05, 0.001]",7040,0.602941237126942,0.030327413373566
22,150,3,"[16, 32, 32]","[0.4, 0.3, 0.4, 0.1, 0.4, 0.2]",0.0001,32,"[149, 21, 127]","[1, 66, 16]",2,3,"[16, 32, 32]","[0.05, 0.005, 0.005]",6780,0.633906495349961,0.010689625262645
23,150,1,"[32, 64, 128]","[0.2, 0.2, 0.5, 0.1, 0.5, 0.2]",0.05,16,"[102, 140, 2]","[39, 9, 59]",6,2,"[128, 32, 128]","[0.05, 0.005, 0.005]",8468,0,0
24,150,3,"[16, 32, 16]","[0.1, 0.1, 0.3, 0.2, 0.3, 0.3]",0.0001,64,"[138, 96, 36]","[6, 50, 114]",3,3,"[16, 16, 128]","[0.0005, 0.1, 0.005]",3968,0.643378889330429,0.010869085117371
25,150,2,"[128, 16, 32]","[0.1, 0.3, 0.3, 0.2, 0.1, 0.4]",0.0005,16,"[15, 10, 114]","[136, 106, 36]",9,2,"[64, 64, 32]","[0.005, 0.0005, 0.01]",9155,0.526932449059133,0.020345991935525
26,150,1,"[64, 128, 64]","[0.4, 0.4, 0.4, 0.2, 0.3, 0.1]",0.05,32,"[2, 115, 94]","[111, 18, 11]",6,1,"[32, 16, 16]","[0.0001, 0.001, 0.05]",9419,0.033669757878101,0.029117392029299
27,150,2,"[64, 128, 64]","[0.3, 0.3, 0.1, 0.2, 0.3, 0.1]",0.0005,16,"[146, 65, 115]","[5, 31, 18]",9,3,"[64, 16, 128]","[0.0005, 0.0005, 0.01]",7837,0.628924796778695,0.016363932281408
28,150,2,"[64, 128, 16]","[0.3, 0.3, 0.5, 0.5, 0.4, 0.2]",0.0001,32,"[101, 113, 84]","[44, 18, 14]",6,1,"[16, 16, 64]","[0.005, 0.05, 0.05]",4708,0.596380720150623,0.022035738845376
29,150,3,"[32, 64, 32]","[0.5, 0.1, 0.2, 0.3, 0.1, 0.3]",0.005,32,"[116, 16, 124]","[9, 5, 18]",5,3,"[32, 16, 32]","[0.005, 0.0005, 0.0001]",2737,0.639173875527615,0.014260338327165
30,150,1,"[128, 16, 128]","[0.4, 0.4, 0.5, 0.5, 0.1, 0.1]",0.0001,32,"[72, 105, 51]","[76, 33, 77]",8,2,"[32, 64, 32]","[0.01, 0.001, 0.0001]",215,0.583773164591543,0.032071611152859
31,150,1,"[32, 64, 32]","[0.1, 0.4, 0.4, 0.1, 0.4, 0.3]",0.0005,16,"[56, 47, 148]","[27, 89, 2]",1,2,"[32, 128, 128]","[0.1, 0.0001, 0.05]",7787,0.573832185571811,0.013733297246828
32,150,2,"[16, 128, 64]","[0.1, 0.3, 0.1, 0.1, 0.3, 0.5]",0.005,16,"[30, 144, 45]","[17, 1, 102]",4,3,"[128, 16, 16]","[0.01, 0.0001, 0.0001]",9973,0.393654467454563,0.321428837097097
33,150,3,"[64, 128, 64]","[0.4, 0.1, 0.5, 0.5, 0.1, 0.4]",0.05,16,"[98, 140, 92]","[18, 11, 35]",1,1,"[64, 128, 64]","[0.01, 0.05, 0.05]",5179,0.621111729177769,0.014360859435942
34,150,1,"[64, 16, 64]","[0.1, 0.3, 0.1, 0.2, 0.5, 0.1]",0.01,32,"[92, 139, 6]","[39, 5, 140]",7,3,"[128, 128, 64]","[0.0005, 0.1, 0.0001]",8199,0.621722250272452,0.017663449602599
35,150,2,"[128, 16, 128]","[0.2, 0.2, 0.4, 0.5, 0.3, 0.3]",0.05,128,"[7, 18, 60]","[98, 54, 21]",1,1,"[64, 64, 16]","[0.0005, 0.05, 0.0005]",3848,0.468274368916582,0.017216462858447
36,150,3,"[16, 128, 128]","[0.3, 0.1, 0.1, 0.5, 0.1, 0.2]",0.001,16,"[98, 69, 21]","[21, 78, 30]",5,3,"[32, 32, 128]","[0.0001, 0.05, 0.005]",7117,0.378325948088055,0.309182782781304
37,150,1,"[128, 64, 32]","[0.3, 0.2, 0.5, 0.3, 0.5, 0.5]",0.001,128,"[54, 127, 105]","[91, 4, 17]",1,1,"[128, 16, 32]","[0.001, 0.0005, 0.05]",6876,0.540102963299448,0.010719772350646
38,150,2,"[16, 16, 32]","[0.4, 0.3, 0.1, 0.2, 0.4, 0.3]",0.01,128,"[140, 112, 7]","[10, 14, 42]",4,1,"[16, 32, 64]","[0.0001, 0.01, 0.01]",2283,0.634262101567873,0.005096747597426
39,150,3,"[32, 128, 64]","[0.4, 0.4, 0.5, 0.4, 0.4, 0.3]",0.005,64,"[145, 60, 83]","[5, 51, 6]",1,3,"[128, 128, 32]","[0.1, 0.005, 0.0001]",1251,0.624967133266497,0.003893110233887
40,150,1,"[16, 32, 32]","[0.5, 0.3, 0.5, 0.2, 0.1, 0.5]",0.005,32,"[38, 121, 20]","[99, 25, 63]",8,1,"[16, 32, 32]","[0.05, 0.001, 0.05]",1206,0.525310042497121,0.019713243553011
41,150,3,"[16, 16, 128]","[0.4, 0.1, 0.5, 0.5, 0.5, 0.2]",0.0005,16,"[53, 30, 149]","[91, 85, 2]",3,3,"[64, 64, 32]","[0.001, 0.001, 0.05]",9547,0,0
42,150,3,"[64, 128, 16]","[0.3, 0.1, 0.3, 0.5, 0.3, 0.1]",0.001,128,"[107, 79, 112]","[5, 39, 11]",6,1,"[16, 16, 128]","[0.0005, 0.01, 0.05]",6527,0.649158592165288,0.005538508941906
43,150,3,"[16, 64, 64]","[0.4, 0.2, 0.1, 0.3, 0.2, 0.3]",0.05,16,"[54, 46, 50]","[2, 16, 34]",5,2,"[16, 64, 16]","[0.001, 0.0005, 0.001]",6956,0.652844648741833,0.016636886047491
44,150,2,"[16, 64, 64]","[0.1, 0.5, 0.5, 0.1, 0.4, 0.5]",0.001,16,"[113, 32, 129]","[37, 21, 13]",2,2,"[16, 32, 64]","[0.01, 0.01, 0.0001]",6989,0.638586912986171,0.015507268170579
45,150,2,"[32, 128, 16]","[0.5, 0.4, 0.1, 0.1, 0.4, 0.4]",0.01,64,"[38, 148, 12]","[3, 3, 123]",5,2,"[64, 32, 32]","[0.005, 0.01, 0.0001]",8909,0.664440731456123,0.004995666431501
46,150,3,"[64, 128, 16]","[0.5, 0.3, 0.2, 0.5, 0.3, 0.2]",0.001,32,"[131, 35, 20]","[7, 12, 121]",6,2,"[128, 64, 16]","[0.01, 0.0005, 0.0001]",9228,0.64416564890583,0.005761674751438
47,150,2,"[16, 64, 64]","[0.5, 0.3, 0.2, 0.4, 0.1, 0.3]",0.0005,64,"[119, 112, 18]","[6, 33, 92]",8,2,"[64, 128, 32]","[0.01, 0.001, 0.05]",1595,0.604872641280228,0.042325295758116
48,150,1,"[32, 64, 128]","[0.4, 0.1, 0.4, 0.4, 0.1, 0.1]",0.0001,64,"[98, 9, 60]","[45, 110, 56]",3,3,"[16, 32, 64]","[0.0001, 0.005, 0.0005]",1249,0.600904483360175,0.021129952182061
49,150,1,"[16, 16, 32]","[0.5, 0.1, 0.1, 0.4, 0.3, 0.5]",0.0005,64,"[119, 133, 87]","[5, 18, 22]",6,2,"[128, 128, 128]","[0.005, 0.001, 0.005]",2301,0.640569744703069,0.008379986479896
50,150,1,"[16, 64, 32]","[0.1, 0.1, 0.2, 0.5, 0.1, 0.4]",0.1,128,"[46, 12, 127]","[5, 25, 2]",9,3,"[32, 32, 128]","[0.01, 0.1, 0.0005]",6146,0.637206947740411,0.007189264182692
51,150,3,"[64, 128, 128]","[0.5, 0.5, 0.3, 0.4, 0.5, 0.3]",0.01,64,"[141, 18, 57]","[3, 76, 17]",2,2,"[64, 16, 128]","[0.05, 0.0001, 0.005]",6816,0.632836290830728,0.009761497664091
52,150,2,"[32, 32, 16]","[0.2, 0.2, 0.4, 0.4, 0.4, 0.3]",0.05,128,"[80, 116, 106]","[7, 26, 43]",1,2,"[16, 16, 16]","[0.005, 0.005, 0.001]",8421,0.622485425385826,0.004237616191611
53,150,1,"[128, 32, 64]","[0.4, 0.5, 0.1, 0.4, 0.1, 0.4]",0.01,128,"[136, 119, 118]","[12, 3, 16]",9,1,"[128, 32, 32]","[0.005, 0.005, 0.05]",5067,0.633943324366155,0.01572254298974
54,150,1,"[64, 16, 128]","[0.3, 0.1, 0.3, 0.4, 0.1, 0.4]",0.1,32,"[90, 58, 139]","[5, 72, 9]",8,1,"[64, 32, 64]","[0.05, 0.001, 0.0001]",8513,0.627902020217684,0.014356241736076
55,150,2,"[32, 64, 16]","[0.4, 0.5, 0.5, 0.5, 0.2, 0.4]",0.0005,16,"[4, 49, 86]","[69, 65, 5]",2,3,"[16, 128, 128]","[0.0001, 0.1, 0.1]",4524,-0.00146790536283,0.048478598771888
56,150,2,"[16, 64, 128]","[0.4, 0.1, 0.5, 0.5, 0.5, 0.2]",0.05,32,"[42, 147, 35]","[78, 4, 93]",2,2,"[64, 64, 16]","[0.001, 0.001, 0.005]",3977,0.127894797780937,0.255789595561873
57,150,1,"[64, 128, 16]","[0.4, 0.2, 0.5, 0.2, 0.4, 0.5]",0.01,32,"[100, 133, 51]","[46, 17, 50]",8,1,"[128, 128, 64]","[0.01, 0.1, 0.0001]",7888,0.603481456694386,0.037803557656535
58,150,2,"[128, 16, 32]","[0.3, 0.2, 0.2, 0.4, 0.1, 0.4]",0.001,128,"[89, 93, 115]","[4, 20, 8]",7,1,"[64, 32, 128]","[0.05, 0.01, 0.05]",3106,0.62566232214335,0.022089879274254
59,150,2,"[64, 64, 64]","[0.4, 0.1, 0.1, 0.3, 0.3, 0.4]",0.0005,64,"[84, 70, 108]","[5, 52, 23]",8,1,"[32, 64, 64]","[0.005, 0.0005, 0.1]",7313,0.61033389465374,0.035711512114516
60,150,3,"[16, 128, 64]","[0.5, 0.4, 0.3, 0.3, 0.1, 0.1]",0.0001,128,"[117, 139, 129]","[13, 3, 6]",3,2,"[32, 64, 128]","[0.05, 0.0001, 0.01]",3245,0.647675892466338,0.013899761730762
61,150,2,"[128, 128, 16]","[0.2, 0.2, 0.4, 0.4, 0.3, 0.3]",0.05,64,"[79, 28, 149]","[19, 71, 2]",5,2,"[16, 64, 32]","[0.05, 0.005, 0.1]",8695,0.63682027729426,0.009453433431296
62,150,1,"[64, 64, 16]","[0.4, 0.4, 0.2, 0.4, 0.3, 0.3]",0.05,64,"[17, 25, 12]","[88, 22, 69]",6,1,"[16, 128, 64]","[0.0001, 0.001, 0.005]",8761,0.519676161097325,0.008642984458219
63,150,1,"[64, 64, 32]","[0.5, 0.5, 0.3, 0.4, 0.1, 0.5]",0.05,64,"[148, 74, 127]","[2, 36, 1]",7,2,"[128, 64, 16]","[0.001, 0.005, 0.01]",9246,0.636467905780673,0.006224326019918
64,150,2,"[128, 64, 128]","[0.5, 0.1, 0.1, 0.1, 0.5, 0.3]",0.0001,32,"[142, 130, 131]","[9, 1, 6]",3,3,"[64, 128, 64]","[0.005, 0.01, 0.1]",5982,0.111586375854219,0.223172751708437
65,150,2,"[64, 64, 32]","[0.1, 0.4, 0.5, 0.2, 0.2, 0.1]",0.01,128,"[110, 7, 128]","[18, 111, 18]",6,3,"[64, 64, 32]","[0.005, 0.0001, 0.001]",2493,0.596613943573568,0.017082518364
66,150,2,"[16, 16, 64]","[0.4, 0.4, 0.2, 0.5, 0.1, 0.2]",0.1,32,"[62, 6, 105]","[67, 93, 46]",9,1,"[16, 64, 32]","[0.0001, 0.1, 0.01]",1781,0.595394250640709,0.009368500495479
67,150,1,"[64, 64, 16]","[0.1, 0.5, 0.3, 0.4, 0.4, 0.2]",0.01,128,"[135, 119, 25]","[5, 17, 6]",1,1,"[16, 64, 128]","[0.001, 0.005, 0.001]",2522,0.628961643072063,0.015656020533121
68,150,2,"[128, 16, 128]","[0.1, 0.4, 0.4, 0.1, 0.2, 0.5]",0.001,128,"[49, 129, 60]","[85, 20, 33]",8,2,"[32, 64, 64]","[0.001, 0.0005, 0.05]",8102,0.601019982112072,0.005104990485228
69,150,3,"[16, 128, 32]","[0.5, 0.4, 0.2, 0.1, 0.4, 0.2]",0.005,16,"[65, 52, 100]","[60, 30, 4]",9,3,"[128, 32, 32]","[0.1, 0.0005, 0.005]",2998,0.51526973406342,0.257936108876113
70,150,3,"[64, 64, 16]","[0.2, 0.1, 0.5, 0.2, 0.2, 0.2]",0.001,64,"[59, 102, 108]","[61, 40, 42]",6,1,"[128, 64, 64]","[0.0001, 0.1, 0.1]",3691,0.594909615698535,0.025243787524848
71,150,2,"[128, 64, 128]","[0.1, 0.1, 0.3, 0.2, 0.4, 0.1]",0.05,16,"[71, 4, 16]","[57, 117, 49]",4,3,"[32, 16, 16]","[0.05, 0.005, 0.0001]",3869,0.499049911890671,0.092996334095228
72,150,1,"[32, 16, 16]","[0.4, 0.4, 0.4, 0.3, 0.3, 0.5]",0.001,16,"[22, 55, 30]","[101, 87, 67]",6,3,"[16, 64, 128]","[0.005, 0.005, 0.05]",7182,0.462603359733408,0.069019760282947
73,150,2,"[64, 16, 16]","[0.4, 0.4, 0.4, 0.3, 0.5, 0.2]",0.001,16,"[137, 2, 79]","[10, 88, 59]",2,2,"[128, 16, 16]","[0.0001, 0.01, 0.005]",5103,0.636028471476942,0.014183383439446
74,150,1,"[128, 16, 64]","[0.1, 0.5, 0.4, 0.3, 0.3, 0.5]",0.05,16,"[118, 118, 114]","[12, 26, 18]",9,2,"[64, 128, 32]","[0.0005, 0.01, 0.01]",2817,0.610614846634662,0.00895867355542
75,150,1,"[32, 32, 16]","[0.4, 0.3, 0.4, 0.3, 0.4, 0.5]",0.005,128,"[37, 94, 37]","[74, 2, 57]",9,2,"[64, 128, 64]","[0.0001, 0.001, 0.0005]",9802,0.625465255833913,0.011473810123715
76,150,1,"[32, 64, 16]","[0.4, 0.2, 0.1, 0.1, 0.3, 0.2]",0.05,64,"[62, 141, 105]","[78, 4, 29]",6,1,"[16, 128, 128]","[0.05, 0.0005, 0.01]",5698,0.552780954613415,0.030819833110288
77,150,3,"[16, 64, 32]","[0.3, 0.3, 0.2, 0.1, 0.5, 0.5]",0.005,128,"[72, 126, 100]","[47, 17, 15]",7,1,"[16, 32, 64]","[0.0005, 0.1, 0.01]",1570,0.58484125436512,0.016202726830827
78,150,1,"[32, 128, 16]","[0.3, 0.2, 0.3, 0.5, 0.5, 0.2]",0.05,64,"[104, 131, 89]","[16, 17, 41]",3,2,"[16, 64, 16]","[0.01, 0.1, 0.001]",6657,0.626475110435789,0.00655869136763
79,150,1,"[64, 64, 32]","[0.1, 0.3, 0.4, 0.3, 0.4, 0.1]",0.001,32,"[125, 105, 124]","[12, 43, 19]",4,2,"[32, 128, 16]","[0.05, 0.05, 0.05]",9492,0.618589780275834,0.012857780836365
80,150,2,"[128, 16, 16]","[0.1, 0.2, 0.3, 0.4, 0.2, 0.2]",0.1,16,"[34, 7, 107]","[45, 3, 21]",9,2,"[64, 64, 16]","[0.05, 0.0005, 0.01]",3064,0.62342865807801,0.018966047125447
81,150,1,"[64, 128, 32]","[0.2, 0.4, 0.4, 0.2, 0.1, 0.1]",0.001,32,"[81, 23, 63]","[68, 41, 62]",9,1,"[64, 128, 16]","[0.005, 0.005, 0.05]",7858,0.588024049226397,0.044430283737167
82,150,2,"[128, 32, 128]","[0.2, 0.1, 0.2, 0.5, 0.2, 0.5]",0.0001,128,"[44, 104, 12]","[1, 5, 102]",5,1,"[64, 32, 64]","[0.0001, 0.0001, 0.05]",8845,0.660164768804897,0.012074868780117
83,150,2,"[128, 128, 32]","[0.4, 0.3, 0.1, 0.2, 0.3, 0.2]",0.01,64,"[39, 44, 22]","[68, 14, 101]",7,3,"[64, 16, 128]","[0.0005, 0.1, 0.0005]",6645,0.632033935227769,0.016891432788489
84,150,3,"[32, 128, 16]","[0.3, 0.2, 0.1, 0.2, 0.4, 0.5]",0.001,16,"[144, 31, 123]","[2, 65, 7]",6,3,"[64, 64, 32]","[0.01, 0.001, 0.1]",5981,0,0
85,150,3,"[32, 128, 64]","[0.1, 0.1, 0.2, 0.2, 0.3, 0.5]",0.05,64,"[39, 107, 54]","[8, 14, 39]",1,1,"[128, 16, 128]","[0.1, 0.1, 0.0005]",3362,0.634457994536157,0.010326869480171
86,150,1,"[32, 32, 64]","[0.1, 0.4, 0.3, 0.3, 0.3, 0.2]",0.0005,128,"[87, 29, 112]","[34, 30, 28]",9,3,"[32, 32, 64]","[0.01, 0.05, 0.005]",1212,0.610177420013762,0.012275275476155
87,150,1,"[16, 128, 128]","[0.4, 0.3, 0.3, 0.3, 0.3, 0.3]",0.0005,16,"[67, 84, 111]","[54, 26, 32]",4,3,"[16, 32, 64]","[0.0001, 0.05, 0.005]",9277,0.624356269892604,0.018276990396518
88,150,3,"[64, 128, 16]","[0.2, 0.1, 0.4, 0.2, 0.1, 0.3]",0.1,32,"[51, 32, 58]","[11, 108, 6]",8,3,"[16, 128, 128]","[0.0005, 0.005, 0.005]",2522,0.639422307162612,0.015413857831416
89,150,3,"[16, 32, 64]","[0.1, 0.1, 0.4, 0.1, 0.5, 0.2]",0.0005,16,"[55, 27, 127]","[93, 20, 2]",8,3,"[64, 64, 128]","[0.0001, 0.01, 0.01]",6676,0,0
90,150,2,"[64, 16, 16]","[0.4, 0.5, 0.1, 0.1, 0.2, 0.5]",0.005,16,"[54, 83, 13]","[97, 15, 12]",5,3,"[32, 64, 32]","[0.0001, 0.001, 0.01]",2181,0.648101960670508,0.009637591815127
91,150,2,"[64, 32, 16]","[0.3, 0.4, 0.4, 0.2, 0.4, 0.5]",0.1,32,"[133, 16, 18]","[10, 120, 55]",5,2,"[16, 128, 16]","[0.1, 0.0005, 0.01]",8463,0.619764004012035,0.014676453753943
92,150,2,"[128, 64, 128]","[0.2, 0.4, 0.2, 0.4, 0.2, 0.5]",0.005,128,"[79, 107, 136]","[27, 28, 6]",9,2,"[128, 16, 128]","[0.005, 0.001, 0.05]",4730,0.601680870610213,0.020710108921253
93,150,3,"[64, 32, 128]","[0.2, 0.4, 0.3, 0.3, 0.5, 0.1]",0.1,32,"[128, 40, 113]","[1, 63, 16]",4,3,"[64, 32, 32]","[0.05, 0.0001, 0.05]",2013,0,0
94,150,2,"[32, 64, 128]","[0.4, 0.5, 0.5, 0.5, 0.5, 0.3]",0.01,64,"[27, 64, 67]","[57, 50, 8]",9,1,"[128, 32, 128]","[0.01, 0.1, 0.0005]",828,0.583365538354774,0.026682934357458
95,150,1,"[128, 64, 32]","[0.3, 0.2, 0.5, 0.2, 0.5, 0.3]",0.0005,16,"[23, 54, 129]","[10, 52, 11]",5,2,"[32, 128, 128]","[0.005, 0.005, 0.001]",3976,0.668894374362182,0.009212470329235
96,150,1,"[32, 128, 32]","[0.4, 0.4, 0.5, 0.2, 0.4, 0.5]",0.05,64,"[23, 94, 87]","[24, 1, 17]",8,1,"[16, 16, 16]","[0.001, 0.05, 0.0001]",6357,0.654696523564048,0.019956915031174
97,150,1,"[128, 32, 16]","[0.2, 0.1, 0.1, 0.5, 0.5, 0.5]",0.05,64,"[108, 107, 45]","[31, 25, 2]",2,1,"[64, 64, 32]","[0.001, 0.05, 0.005]",928,0.62507562261384,0.008909772679327
98,150,2,"[64, 64, 64]","[0.2, 0.3, 0.1, 0.2, 0.4, 0.3]",0.005,64,"[109, 149, 75]","[33, 2, 49]",7,3,"[16, 64, 128]","[0.005, 0.0005, 0.0001]",1521,0.646562414383062,0.008593301362956
99,150,3,"[128, 16, 16]","[0.2, 0.5, 0.4, 0.3, 0.3, 0.2]",0.001,32,"[95, 23, 100]","[29, 37, 48]",2,2,"[16, 128, 16]","[0.1, 0.0001, 0.005]",2184,0.639062928048942,0.009755212997838
100,150,3,"[32, 64, 32]","[0.2, 0.1, 0.1, 0.4, 0.4, 0.1]",0.001,16,"[5, 60, 47]","[135, 48, 27]",2,3,"[32, 16, 32]","[0.1, 0.001, 0.001]",9744,0.628236414100998,0.021422379367112
101,150,2,"[64, 16, 32]","[0.5, 0.3, 0.5, 0.1, 0.5, 0.1]",0.0001,128,"[34, 100, 55]","[40, 11, 21]",9,1,"[32, 32, 16]","[0.0001, 0.0005, 0.01]",8235,0.617011536127298,0.01831732287477
102,150,2,"[32, 64, 16]","[0.1, 0.2, 0.2, 0.4, 0.3, 0.2]",0.01,32,"[51, 113, 40]","[73, 27, 46]",5,1,"[128, 128, 32]","[0.001, 0.1, 0.01]",2006,0.604361033299685,0.009219243462334
103,150,3,"[16, 32, 64]","[0.1, 0.3, 0.4, 0.3, 0.1, 0.1]",0.005,128,"[85, 48, 9]","[5, 19, 105]",4,1,"[128, 128, 32]","[0.0001, 0.001, 0.01]",7907,0.592148075335069,0.009753606010139
104,150,3,"[64, 16, 64]","[0.3, 0.3, 0.3, 0.1, 0.3, 0.2]",0.001,32,"[25, 53, 135]","[84, 29, 10]",6,2,"[16, 64, 16]","[0.0005, 0.01, 0.0005]",3774,0.621055828070644,0.015910743064553
105,150,3,"[32, 128, 128]","[0.2, 0.4, 0.3, 0.4, 0.2, 0.3]",0.1,32,"[41, 65, 28]","[110, 60, 71]",5,2,"[32, 64, 16]","[0.005, 0.001, 0.05]",938,0.620231983375783,0.028823089534845
106,150,1,"[32, 128, 128]","[0.3, 0.1, 0.4, 0.3, 0.4, 0.3]",0.1,64,"[67, 135, 79]","[34, 6, 19]",8,3,"[128, 128, 64]","[0.005, 0.05, 0.0001]",4218,0.612456714428848,0.013612514054684
107,150,3,"[64, 64, 16]","[0.4, 0.4, 0.1, 0.2, 0.3, 0.2]",0.01,16,"[93, 131, 136]","[20, 5, 9]",6,2,"[32, 64, 64]","[0.01, 0.1, 0.01]",7733,0.504955535161954,0.252587699015872
108,150,2,"[64, 128, 64]","[0.1, 0.3, 0.2, 0.2, 0.3, 0.1]",0.1,64,"[125, 125, 137]","[1, 18, 10]",4,2,"[64, 64, 16]","[0.0005, 0.05, 0.0005]",2656,0.642355701251373,0.017391703625402
109,150,2,"[32, 128, 64]","[0.2, 0.5, 0.3, 0.4, 0.1, 0.5]",0.0005,32,"[105, 13, 108]","[21, 15, 24]",6,1,"[32, 32, 128]","[0.005, 0.1, 0.0005]",3421,0.612411457437077,0.008707815774559
110,150,3,"[128, 32, 32]","[0.1, 0.5, 0.2, 0.4, 0.5, 0.3]",0.001,128,"[28, 123, 68]","[24, 8, 62]",9,2,"[32, 128, 128]","[0.01, 0.005, 0.1]",6488,0.643127947908432,0.013833295051499
111,150,2,"[16, 64, 32]","[0.3, 0.4, 0.2, 0.4, 0.2, 0.1]",0.1,64,"[93, 131, 92]","[58, 20, 3]",5,3,"[16, 64, 64]","[0.01, 0.005, 0.0001]",7307,0.633532255916646,0.006346161382465
112,150,2,"[64, 64, 16]","[0.1, 0.1, 0.4, 0.5, 0.4, 0.1]",0.001,32,"[106, 142, 132]","[36, 9, 9]",4,3,"[32, 16, 16]","[0.05, 0.05, 0.0001]",138,0.494093469890092,0.128201071043564
113,150,2,"[64, 32, 32]","[0.5, 0.4, 0.5, 0.2, 0.1, 0.1]",0.1,128,"[28, 84, 144]","[82, 43, 3]",8,1,"[16, 128, 32]","[0.05, 0.05, 0.001]",1959,0.613751435853514,0.012739222491155
114,150,1,"[128, 32, 16]","[0.4, 0.5, 0.2, 0.5, 0.4, 0.4]",0.001,64,"[60, 72, 33]","[5, 5, 73]",1,1,"[128, 64, 16]","[0.005, 0.0001, 0.001]",971,0.641613246395284,0.016462956716385
115,150,3,"[16, 128, 64]","[0.5, 0.5, 0.3, 0.3, 0.4, 0.5]",0.005,128,"[98, 85, 94]","[31, 23, 48]",4,2,"[16, 128, 32]","[0.01, 0.1, 0.1]",439,0.643125394839157,0.007884752347008
116,150,3,"[32, 32, 32]","[0.1, 0.1, 0.5, 0.5, 0.4, 0.4]",0.005,128,"[77, 64, 127]","[26, 62, 9]",2,1,"[16, 16, 128]","[0.0005, 0.01, 0.0001]",5556,0.643442595741823,0.00449201847433
117,150,2,"[32, 32, 64]","[0.4, 0.2, 0.4, 0.4, 0.4, 0.1]",0.001,128,"[113, 9, 96]","[25, 66, 21]",9,2,"[64, 64, 128]","[0.005, 0.1, 0.0001]",8767,0.607447977892707,0.018757236899774
118,150,1,"[32, 128, 16]","[0.4, 0.1, 0.4, 0.1, 0.2, 0.3]",0.0005,16,"[2, 39, 91]","[78, 63, 3]",2,3,"[128, 64, 16]","[0.0005, 0.0005, 0.05]",4514,0.074860649315984,0.002098208744084
119,150,1,"[32, 64, 128]","[0.2, 0.2, 0.5, 0.4, 0.1, 0.2]",0.001,16,"[146, 78, 46]","[3, 29, 27]",6,3,"[16, 128, 16]","[0.01, 0.005, 0.005]",8399,0.633419902831785,0.013297931067266
120,150,2,"[128, 64, 64]","[0.2, 0.3, 0.5, 0.2, 0.2, 0.4]",0.005,32,"[82, 43, 57]","[16, 90, 45]",2,3,"[64, 64, 128]","[0.05, 0.05, 0.05]",6679,0.599374960508647,0.014781314803118
121,150,1,"[64, 128, 128]","[0.4, 0.5, 0.3, 0.3, 0.4, 0.2]",0.005,32,"[56, 85, 112]","[36, 7, 19]",2,2,"[16, 32, 16]","[0.05, 0.01, 0.0005]",4020,0.626304041953452,0.010567429606462
122,150,3,"[32, 64, 64]","[0.4, 0.3, 0.2, 0.5, 0.1, 0.1]",0.05,64,"[74, 110, 100]","[47, 1, 24]",7,3,"[16, 128, 64]","[0.01, 0.0001, 0.01]",691,0.514442769528824,0.257340110599588
123,150,2,"[64, 32, 128]","[0.2, 0.5, 0.4, 0.5, 0.4, 0.1]",0.0005,64,"[120, 106, 62]","[19, 17, 80]",2,2,"[64, 64, 64]","[0.005, 0.005, 0.1]",2562,0.623509250727303,0.032206245542755
124,150,3,"[64, 64, 64]","[0.5, 0.4, 0.5, 0.5, 0.5, 0.3]",0.0001,16,"[120, 70, 136]","[23, 63, 4]",1,3,"[16, 16, 32]","[0.005, 0.01, 0.0001]",3655,0.616485286245015,0.009681774664005
125,150,1,"[64, 32, 16]","[0.2, 0.5, 0.3, 0.1, 0.2, 0.5]",0.05,64,"[111, 119, 108]","[5, 26, 35]",5,3,"[32, 32, 16]","[0.0005, 0.01, 0.01]",4722,0.630725784553311,0.013765708747165
126,150,2,"[128, 32, 16]","[0.1, 0.3, 0.5, 0.2, 0.2, 0.1]",0.05,128,"[115, 113, 124]","[2, 29, 9]",4,1,"[128, 128, 32]","[0.05, 0.05, 0.1]",9588,0.602811766505719,0.039615430983874
127,150,2,"[64, 32, 64]","[0.3, 0.2, 0.2, 0.3, 0.4, 0.4]",0.1,64,"[120, 3, 70]","[28, 33, 54]",9,2,"[32, 128, 64]","[0.1, 0.001, 0.005]",6693,0.57470553713296,0.012717163778834
128,150,2,"[32, 32, 64]","[0.1, 0.2, 0.5, 0.3, 0.3, 0.3]",0.001,128,"[68, 17, 51]","[23, 1, 47]",5,3,"[64, 64, 16]","[0.005, 0.0005, 0.0005]",665,0.645552852894728,0.007426191195199
129,150,3,"[16, 16, 128]","[0.5, 0.3, 0.2, 0.5, 0.2, 0.2]",0.1,32,"[110, 30, 110]","[38, 104, 19]",1,2,"[32, 32, 128]","[0.1, 0.005, 0.01]",955,0.219170670832638,0.268971484128366
130,150,2,"[64, 128, 128]","[0.1, 0.1, 0.1, 0.5, 0.3, 0.5]",0.005,16,"[126, 3, 77]","[25, 45, 20]",9,3,"[32, 64, 32]","[0.05, 0.005, 0.1]",4206,0.043158354224545,0.052952903673319
131,150,3,"[128, 32, 128]","[0.5, 0.2, 0.4, 0.1, 0.3, 0.1]",0.01,16,"[7, 57, 135]","[130, 61, 1]",4,2,"[16, 64, 16]","[0.05, 0.1, 0.1]",4124,0.261715954959344,0.256737911137557
132,150,3,"[64, 32, 128]","[0.2, 0.1, 0.4, 0.1, 0.4, 0.2]",0.005,16,"[93, 110, 37]","[36, 32, 44]",9,3,"[32, 32, 64]","[0.0005, 0.001, 0.1]",6068,0.601675481781004,0.025466337557323
133,150,3,"[64, 32, 32]","[0.3, 0.3, 0.4, 0.1, 0.1, 0.3]",0.1,16,"[40, 73, 15]","[3, 47, 71]",1,3,"[16, 128, 128]","[0.001, 0.005, 0.05]",1212,0.65075274264634,0.007030351370277
134,150,1,"[128, 64, 16]","[0.3, 0.1, 0.3, 0.4, 0.2, 0.2]",0.005,32,"[22, 28, 51]","[20, 14, 97]",2,2,"[32, 64, 128]","[0.05, 0.005, 0.01]",6294,0.641829005760457,0.009258264703093
135,150,3,"[16, 32, 128]","[0.5, 0.2, 0.4, 0.1, 0.5, 0.1]",0.005,32,"[71, 92, 113]","[1, 3, 17]",1,3,"[32, 16, 64]","[0.0005, 0.01, 0.001]",1095,0.371404682779745,0.303836720012099
136,150,2,"[64, 16, 128]","[0.4, 0.2, 0.2, 0.5, 0.3, 0.4]",0.005,16,"[27, 147, 50]","[7, 3, 32]",8,1,"[32, 64, 128]","[0.0005, 0.0005, 0.0005]",7412,0.654098987866572,0.009018351921752
137,150,1,"[64, 64, 64]","[0.1, 0.4, 0.3, 0.4, 0.3, 0.3]",0.0001,128,"[128, 113, 120]","[18, 11, 11]",6,3,"[32, 32, 32]","[0.01, 0.001, 0.0005]",7053,0.597343556427918,0.024209594171835
138,150,2,"[64, 128, 32]","[0.5, 0.3, 0.4, 0.4, 0.3, 0.3]",0.005,32,"[65, 127, 9]","[9, 16, 75]",5,1,"[64, 32, 64]","[0.001, 0.0001, 0.05]",2463,0.632588292388671,0.011802529693485
139,150,2,"[64, 64, 32]","[0.2, 0.4, 0.4, 0.3, 0.5, 0.4]",0.001,128,"[89, 103, 76]","[22, 24, 43]",4,2,"[64, 64, 64]","[0.01, 0.1, 0.005]",1380,0.623248207736679,0.005492631355558
140,150,2,"[64, 16, 16]","[0.1, 0.3, 0.1, 0.1, 0.4, 0.3]",0.001,64,"[55, 65, 98]","[63, 38, 19]",6,2,"[32, 64, 64]","[0.01, 0.1, 0.001]",2435,0.617104998747436,0.009651111610067
141,150,3,"[64, 128, 16]","[0.2, 0.4, 0.5, 0.2, 0.1, 0.4]",0.01,32,"[9, 27, 49]","[11, 9, 47]",7,2,"[16, 128, 64]","[0.001, 0.001, 0.01]",2686,0.66332649555199,0.003624457971408
142,150,2,"[32, 128, 16]","[0.2, 0.1, 0.5, 0.2, 0.3, 0.2]",0.1,32,"[96, 66, 51]","[19, 11, 89]",4,2,"[128, 64, 64]","[0.1, 0.0001, 0.0005]",4565,0.62122266434126,0.011918111905625
143,150,2,"[128, 32, 64]","[0.1, 0.4, 0.5, 0.5, 0.3, 0.2]",0.0005,128,"[15, 54, 61]","[111, 10, 80]",5,1,"[16, 32, 64]","[0.0005, 0.005, 0.005]",3230,0.65620553233355,0.015047938734643
144,150,2,"[16, 128, 128]","[0.4, 0.5, 0.2, 0.5, 0.5, 0.2]",0.05,16,"[47, 49, 40]","[21, 6, 111]",5,1,"[16, 64, 64]","[0.001, 0.01, 0.1]",1793,0.632919680211364,0.023394094786799
145,150,3,"[128, 64, 32]","[0.1, 0.3, 0.5, 0.4, 0.2, 0.5]",0.001,16,"[36, 71, 31]","[91, 62, 67]",3,1,"[64, 16, 64]","[0.0005, 0.005, 0.05]",3937,0.613085938350146,0.006991257763316
146,150,1,"[32, 64, 16]","[0.5, 0.2, 0.1, 0.3, 0.5, 0.2]",0.0001,16,"[16, 95, 55]","[1, 37, 30]",8,2,"[32, 64, 128]","[0.005, 0.005, 0.001]",2986,0.65678074892724,0.014370960693256
147,150,1,"[32, 64, 16]","[0.4, 0.3, 0.2, 0.4, 0.3, 0.5]",0.05,16,"[100, 71, 146]","[33, 15, 2]",3,3,"[32, 32, 16]","[0.1, 0.001, 0.1]",1971,0.060801657993927,0.0830584552265
148,150,3,"[64, 16, 64]","[0.3, 0.5, 0.3, 0.4, 0.2, 0.3]",0.0001,128,"[108, 49, 27]","[37, 40, 7]",2,3,"[32, 128, 128]","[0.1, 0.05, 0.01]",7749,0.660917179291412,0.008067915891387
149,150,1,"[128, 16, 64]","[0.3, 0.3, 0.1, 0.5, 0.3, 0.3]",0.005,32,"[130, 144, 39]","[19, 4, 40]",4,2,"[128, 128, 128]","[0.1, 0.01, 0.05]",1722,0.295034160063819,0.087008525481425
150,150,3,"[128, 64, 128]","[0.5, 0.5, 0.1, 0.3, 0.2, 0.4]",0.01,128,"[10, 57, 19]","[51, 26, 57]",7,3,"[16, 128, 32]","[0.0005, 0.0005, 0.0001]",6237,0.619236559903134,0.016777191572237
151,150,2,"[128, 128, 32]","[0.4, 0.2, 0.1, 0.1, 0.4, 0.3]",0.1,16,"[47, 97, 42]","[12, 47, 51]",8,3,"[64, 32, 32]","[0.001, 0.05, 0.0005]",1451,0.642403716015741,0.016572319501589
152,150,3,"[128, 16, 64]","[0.5, 0.5, 0.4, 0.2, 0.3, 0.4]",0.1,16,"[61, 38, 142]","[87, 49, 4]",5,3,"[32, 32, 64]","[0.0005, 0.0001, 0.001]",2955,0.643758692033808,0.011163560874356
153,150,2,"[16, 32, 32]","[0.2, 0.5, 0.4, 0.3, 0.3, 0.3]",0.0005,16,"[121, 124, 14]","[17, 12, 22]",2,1,"[16, 64, 128]","[0.001, 0.05, 0.001]",5413,0.625201312415272,0.012414885299695
154,150,3,"[16, 32, 128]","[0.2, 0.4, 0.1, 0.3, 0.2, 0.3]",0.001,32,"[29, 75, 15]","[120, 21, 68]",3,3,"[64, 32, 16]","[0.005, 0.0001, 0.0001]",9090,0.629048291031934,0.004327540629851
155,150,2,"[128, 16, 64]","[0.5, 0.3, 0.1, 0.5, 0.3, 0.5]",0.001,32,"[48, 118, 75]","[39, 32, 23]",2,1,"[32, 128, 64]","[0.05, 0.0001, 0.05]",8899,0.615810960452845,0.017029513999914
156,150,3,"[64, 16, 64]","[0.1, 0.3, 0.5, 0.2, 0.4, 0.4]",0.01,16,"[59, 33, 108]","[41, 75, 4]",4,2,"[16, 16, 32]","[0.1, 0.0001, 0.0005]",2411,0.65366791620976,0.014666666439318
157,150,3,"[128, 16, 16]","[0.5, 0.3, 0.1, 0.4, 0.3, 0.5]",0.0005,128,"[83, 89, 10]","[15, 10, 2]",8,1,"[64, 64, 64]","[0.05, 0.01, 0.0001]",6988,0.62668925510215,0.023625455175155
158,150,3,"[128, 32, 32]","[0.2, 0.2, 0.3, 0.5, 0.2, 0.5]",0.0005,16,"[76, 128, 14]","[61, 17, 72]",1,1,"[128, 128, 128]","[0.0005, 0.0001, 0.001]",5549,0.63158040842157,0.007908271042189
159,150,1,"[64, 16, 64]","[0.4, 0.2, 0.5, 0.2, 0.4, 0.2]",0.01,16,"[113, 79, 65]","[15, 28, 75]",1,1,"[128, 16, 32]","[0.005, 0.001, 0.1]",9036,0.602859424838584,0.069620864337378
160,150,3,"[16, 64, 32]","[0.5, 0.4, 0.1, 0.2, 0.3, 0.4]",0.1,128,"[55, 68, 130]","[17, 15, 13]",5,3,"[128, 32, 32]","[0.0005, 0.0001, 0.0001]",1960,0.634855530327441,0.015371231305365
161,150,3,"[16, 32, 128]","[0.4, 0.3, 0.3, 0.2, 0.2, 0.5]",0.001,32,"[91, 33, 144]","[34, 5, 6]",5,2,"[64, 128, 32]","[0.05, 0.01, 0.1]",1009,0.516322656525043,0.258232475049841
162,150,3,"[128, 16, 32]","[0.5, 0.3, 0.1, 0.5, 0.3, 0.3]",0.001,16,"[66, 134, 19]","[75, 10, 36]",6,3,"[64, 64, 128]","[0.0005, 0.0005, 0.0005]",1649,0.650172378902957,0.01395537976891
163,150,3,"[128, 32, 32]","[0.4, 0.5, 0.5, 0.4, 0.5, 0.4]",0.0001,128,"[117, 129, 94]","[30, 20, 19]",3,3,"[128, 64, 64]","[0.001, 0.001, 0.0005]",3317,0.628832896397933,0.013384639109136
164,150,3,"[32, 128, 32]","[0.2, 0.1, 0.2, 0.3, 0.3, 0.4]",0.0001,16,"[6, 134, 111]","[36, 3, 6]",2,3,"[16, 128, 128]","[0.05, 0.05, 0.0001]",7348,0,0
165,150,3,"[32, 32, 128]","[0.1, 0.3, 0.3, 0.2, 0.3, 0.2]",0.005,16,"[65, 144, 81]","[84, 4, 12]",9,1,"[32, 32, 64]","[0.01, 0.0001, 0.05]",8782,0.614260571033233,0.014571047782257
166,150,1,"[128, 32, 32]","[0.4, 0.3, 0.4, 0.3, 0.5, 0.5]",0.1,32,"[126, 7, 52]","[9, 140, 2]",6,2,"[128, 32, 32]","[0.1, 0.05, 0.05]",273,0.353054076171252,0.216110897330907
167,150,2,"[32, 64, 32]","[0.1, 0.4, 0.5, 0.2, 0.1, 0.5]",0.001,32,"[108, 120, 124]","[12, 12, 1]",9,2,"[64, 128, 64]","[0.01, 0.005, 0.0005]",1639,0.633009805860762,0.009170204574312
168,150,1,"[64, 128, 32]","[0.4, 0.3, 0.2, 0.3, 0.1, 0.1]",0.001,64,"[101, 104, 55]","[6, 34, 89]",3,2,"[128, 16, 128]","[0.01, 0.001, 0.005]",569,0.624473523152389,0.01747560469829
169,150,2,"[64, 64, 64]","[0.5, 0.1, 0.5, 0.4, 0.3, 0.2]",0.0005,128,"[18, 84, 33]","[109, 55, 75]",1,3,"[64, 64, 128]","[0.0001, 0.005, 0.001]",5495,0.635300597631858,0.008646333536452
170,150,2,"[32, 32, 32]","[0.2, 0.1, 0.2, 0.5, 0.4, 0.1]",0.005,64,"[119, 50, 123]","[26, 79, 20]",1,3,"[16, 32, 128]","[0.005, 0.05, 0.1]",4273,0.616569417535129,0.012104121175434
171,150,1,"[32, 16, 64]","[0.4, 0.2, 0.4, 0.5, 0.5, 0.1]",0.0005,128,"[5, 76, 33]","[99, 16, 117]",2,3,"[128, 128, 64]","[0.001, 0.01, 0.1]",2400,-0.007199709546261,0.014399419092522
172,150,3,"[32, 16, 128]","[0.5, 0.4, 0.2, 0.2, 0.3, 0.2]",0.005,128,"[107, 131, 150]","[38, 13, 1]",1,2,"[64, 16, 64]","[0.05, 0.0005, 0.0001]",5091,0.640553091535923,0.008469241624265
173,150,3,"[16, 16, 64]","[0.4, 0.3, 0.4, 0.2, 0.1, 0.1]",0.01,64,"[85, 58, 110]","[25, 78, 20]",6,3,"[32, 16, 128]","[0.05, 0.0005, 0.1]",8839,0.616018170169992,0.011561341340774
174,150,2,"[128, 32, 32]","[0.3, 0.5, 0.1, 0.3, 0.5, 0.4]",0.005,64,"[35, 14, 55]","[59, 53, 54]",8,3,"[64, 16, 32]","[0.01, 0.005, 0.01]",8359,0.600461549730228,0.011833073745992
175,150,3,"[32, 16, 32]","[0.5, 0.3, 0.1, 0.5, 0.5, 0.5]",0.005,16,"[92, 72, 92]","[17, 12, 8]",9,3,"[16, 128, 32]","[0.0005, 0.05, 0.05]",4029,0,0
176,150,3,"[128, 32, 16]","[0.5, 0.5, 0.3, 0.5, 0.4, 0.2]",0.001,32,"[44, 139, 67]","[85, 6, 50]",8,2,"[64, 128, 64]","[0.001, 0.0001, 0.001]",8018,0.645099597047093,0.009994816161816
177,150,2,"[64, 64, 32]","[0.5, 0.5, 0.4, 0.1, 0.4, 0.4]",0.05,128,"[143, 90, 145]","[7, 36, 2]",7,2,"[16, 32, 64]","[0.01, 0.0001, 0.1]",5466,0.633444391290329,0.007060926372888
178,150,1,"[64, 16, 32]","[0.3, 0.4, 0.2, 0.3, 0.3, 0.1]",0.1,64,"[140, 145, 68]","[6, 1, 16]",2,2,"[64, 64, 32]","[0.1, 0.1, 0.05]",3226,0.625143651814352,0.023390127228331
179,150,1,"[128, 16, 64]","[0.5, 0.3, 0.4, 0.5, 0.1, 0.5]",0.0001,64,"[18, 108, 45]","[49, 40, 69]",6,1,"[16, 128, 32]","[0.01, 0.001, 0.005]",8781,0.623982198171269,0.011073190200287
180,150,1,"[32, 32, 16]","[0.5, 0.3, 0.3, 0.5, 0.1, 0.5]",0.0005,64,"[17, 127, 3]","[82, 13, 81]",7,2,"[16, 32, 128]","[0.005, 0.0005, 0.005]",6216,0.542724362015273,0.018746965094295
181,150,3,"[32, 32, 64]","[0.3, 0.5, 0.2, 0.3, 0.5, 0.5]",0.0001,32,"[46, 69, 136]","[77, 17, 2]",3,3,"[128, 32, 128]","[0.1, 0.0005, 0.0005]",6908,0,0
182,150,2,"[64, 64, 16]","[0.4, 0.1, 0.4, 0.1, 0.3, 0.2]",0.0001,16,"[64, 35, 139]","[65, 8, 1]",1,2,"[32, 64, 128]","[0.001, 0.0005, 0.005]",4604,0.651078545719637,0.00910236867052
183,150,1,"[32, 16, 64]","[0.2, 0.5, 0.4, 0.1, 0.5, 0.3]",0.005,128,"[52, 94, 38]","[41, 48, 41]",9,1,"[16, 128, 64]","[0.005, 0.001, 0.0001]",6310,0.581383093725459,0.033088645114982
184,150,2,"[16, 32, 64]","[0.5, 0.5, 0.5, 0.3, 0.4, 0.2]",0.0005,32,"[110, 39, 55]","[30, 8, 94]",7,1,"[32, 64, 128]","[0.0001, 0.01, 0.05]",846,0.627659418773673,0.011606572730139
185,150,2,"[16, 64, 32]","[0.4, 0.3, 0.5, 0.1, 0.3, 0.1]",0.0005,32,"[47, 72, 82]","[91, 64, 47]",1,3,"[128, 16, 16]","[0.0005, 0.0001, 0.01]",1214,0.585296548892308,0.015456776317821
186,150,3,"[64, 128, 64]","[0.3, 0.3, 0.1, 0.2, 0.2, 0.2]",0.1,16,"[22, 89, 21]","[65, 34, 87]",9,2,"[64, 128, 64]","[0.001, 0.01, 0.005]",2238,0.525894465546865,0.221366701166183
187,150,1,"[128, 32, 16]","[0.2, 0.2, 0.3, 0.3, 0.1, 0.2]",0.01,16,"[108, 117, 63]","[5, 12, 7]",5,2,"[16, 128, 64]","[0.1, 0.05, 0.1]",4309,0.590617620947855,0.034587851480242
188,150,3,"[64, 128, 64]","[0.3, 0.2, 0.2, 0.4, 0.5, 0.5]",0.0001,64,"[148, 16, 38]","[2, 106, 86]",9,2,"[64, 16, 128]","[0.1, 0.005, 0.001]",1598,0.542097488457637,0.076744994689419
189,150,3,"[128, 128, 64]","[0.1, 0.5, 0.3, 0.5, 0.2, 0.4]",0.005,64,"[65, 142, 33]","[45, 2, 57]",7,1,"[16, 16, 64]","[0.005, 0.0005, 0.001]",9031,0.639918127784672,0.009980393748089
190,150,3,"[16, 128, 64]","[0.1, 0.5, 0.2, 0.2, 0.4, 0.4]",0.0005,16,"[120, 44, 50]","[3, 21, 81]",1,1,"[64, 128, 128]","[0.1, 0.05, 0.1]",3974,0.550642448865341,0.040476084806042
191,150,1,"[16, 16, 32]","[0.5, 0.4, 0.1, 0.2, 0.3, 0.2]",0.1,16,"[16, 12, 108]","[29, 122, 10]",4,2,"[16, 128, 32]","[0.0001, 0.1, 0.05]",2221,0.647836287000922,0.00676940350959
192,150,3,"[32, 64, 64]","[0.5, 0.5, 0.4, 0.4, 0.1, 0.4]",0.1,128,"[5, 138, 25]","[22, 7, 87]",6,2,"[16, 128, 32]","[0.1, 0.1, 0.005]",158,0.640009418498216,0.006648723926918
193,150,2,"[128, 16, 16]","[0.3, 0.3, 0.4, 0.3, 0.2, 0.5]",0.0001,32,"[110, 92, 73]","[2, 25, 10]",6,2,"[16, 64, 32]","[0.005, 0.005, 0.001]",8622,0.651875287970837,0.023065994457069
194,150,2,"[32, 128, 64]","[0.5, 0.5, 0.3, 0.2, 0.1, 0.1]",0.001,64,"[11, 82, 121]","[139, 13, 10]",5,2,"[128, 32, 128]","[0.05, 0.001, 0.0001]",1974,0.632055764758242,0.011511129600595
195,150,3,"[32, 16, 32]","[0.2, 0.3, 0.2, 0.4, 0.4, 0.2]",0.0005,128,"[129, 128, 46]","[9, 3, 20]",1,2,"[64, 32, 16]","[0.01, 0.01, 0.001]",9711,0.63821477662416,0.012344933106942
196,150,1,"[64, 16, 128]","[0.3, 0.2, 0.1, 0.3, 0.5, 0.5]",0.01,16,"[13, 46, 133]","[20, 76, 4]",7,3,"[128, 128, 128]","[0.0005, 0.01, 0.01]",6459,0.652282732431531,0.006629948718749
197,150,3,"[16, 16, 16]","[0.3, 0.3, 0.1, 0.3, 0.3, 0.2]",0.01,16,"[118, 40, 111]","[15, 64, 2]",2,3,"[128, 128, 64]","[0.0001, 0.001, 0.001]",5132,0.254628915848899,0.311903127470484
198,150,2,"[32, 64, 16]","[0.3, 0.4, 0.4, 0.3, 0.1, 0.5]",0.005,16,"[69, 56, 11]","[25, 72, 94]",4,2,"[16, 64, 32]","[0.001, 0.0005, 0.1]",3062,0.631968922073932,0.014223921012006
199,150,2,"[64, 32, 64]","[0.2, 0.2, 0.2, 0.4, 0.3, 0.2]",0.0001,16,"[109, 41, 117]","[28, 23, 24]",6,2,"[16, 32, 64]","[0.005, 0.05, 0.0005]",6437,0.622695659774775,0.017436297032773
200,150,2,"[32, 64, 32]","[0.3, 0.5, 0.3, 0.1, 0.1, 0.2]",0.1,16,"[27, 137, 7]","[54, 1, 91]",1,1,"[64, 32, 64]","[0.01, 0.0005, 0.005]",4278,0.65134041001358,0.013595455082163
201,150,3,"[32, 128, 32]","[0.3, 0.1, 0.3, 0.1, 0.4, 0.1]",0.05,16,"[81, 81, 51]","[57, 14, 36]",4,1,"[128, 64, 16]","[0.001, 0.01, 0.1]",8244,0.643550837958758,0.01453006059078
202,150,1,"[128, 128, 32]","[0.1, 0.4, 0.5, 0.4, 0.4, 0.3]",0.005,16,"[41, 149, 100]","[109, 1, 49]",6,3,"[64, 16, 16]","[0.005, 0.005, 0.0001]",915,0.468413823458732,0.056226489230604
203,150,3,"[64, 128, 16]","[0.4, 0.2, 0.3, 0.4, 0.1, 0.4]",0.1,32,"[132, 51, 57]","[10, 78, 44]",4,1,"[64, 128, 16]","[0.001, 0.05, 0.0005]",5294,0.636810727543372,0.010966464471738
204,150,2,"[64, 16, 128]","[0.1, 0.4, 0.4, 0.1, 0.3, 0.1]",0.01,128,"[115, 134, 149]","[21, 14, 2]",2,1,"[32, 64, 64]","[0.01, 0.05, 0.0005]",7620,0.63317131846924,0.013205028422352
205,150,2,"[32, 64, 128]","[0.2, 0.4, 0.4, 0.4, 0.4, 0.3]",0.005,32,"[87, 27, 91]","[17, 119, 16]",5,1,"[128, 16, 32]","[0.01, 0.001, 0.01]",5884,0.623669462841633,0.010567672888535
206,150,3,"[16, 128, 128]","[0.4, 0.2, 0.2, 0.3, 0.5, 0.4]",0.0005,32,"[77, 118, 137]","[72, 20, 5]",3,2,"[128, 32, 32]","[0.05, 0.0005, 0.1]",6422,0.626398403959908,0.013524340482925
207,150,1,"[64, 128, 64]","[0.1, 0.4, 0.1, 0.5, 0.1, 0.5]",0.0005,16,"[92, 71, 59]","[28, 21, 76]",7,3,"[64, 16, 32]","[0.1, 0.1, 0.01]",3129,0.433547556609995,0.219495945130311
208,150,2,"[64, 128, 32]","[0.1, 0.2, 0.4, 0.2, 0.5, 0.3]",0.01,32,"[123, 93, 35]","[27, 1, 71]",9,2,"[32, 64, 16]","[0.05, 0.01, 0.05]",1062,0.129771755291468,0.259543510582936
209,150,2,"[32, 32, 32]","[0.5, 0.4, 0.4, 0.4, 0.1, 0.5]",0.001,16,"[112, 50, 45]","[6, 51, 12]",6,3,"[128, 16, 32]","[0.001, 0.0005, 0.0001]",2781,0.254569887957563,0.311796684229713
210,150,2,"[16, 32, 16]","[0.5, 0.4, 0.1, 0.2, 0.4, 0.4]",0.001,128,"[23, 75, 33]","[52, 74, 17]",7,3,"[64, 32, 32]","[0.005, 0.0005, 0.0005]",3561,0.614387206676206,0.004408009206101
211,150,2,"[16, 128, 128]","[0.4, 0.3, 0.3, 0.1, 0.2, 0.3]",0.0001,128,"[102, 148, 19]","[36, 1, 26]",4,1,"[64, 128, 64]","[0.001, 0.0005, 0.1]",6775,0.641449639602006,0.008276988891469
212,150,1,"[128, 16, 32]","[0.2, 0.2, 0.2, 0.4, 0.2, 0.5]",0.0001,32,"[150, 87, 14]","[1, 48, 124]",7,2,"[16, 16, 128]","[0.001, 0.01, 0.001]",3919,0.649266118863317,0.003809020932082
213,150,1,"[32, 64, 64]","[0.5, 0.4, 0.3, 0.5, 0.2, 0.2]",0.05,32,"[62, 23, 114]","[40, 99, 28]",7,1,"[64, 32, 32]","[0.05, 0.0005, 0.0005]",2380,0.603648094343592,0.017464286440909
214,150,3,"[128, 64, 16]","[0.2, 0.5, 0.3, 0.3, 0.4, 0.2]",0.01,16,"[68, 60, 133]","[48, 11, 10]",4,2,"[64, 64, 128]","[0.001, 0.005, 0.005]",5454,0.621939651990855,0.014739549007771
215,150,1,"[128, 16, 128]","[0.4, 0.4, 0.2, 0.1, 0.4, 0.1]",0.01,64,"[77, 144, 34]","[17, 1, 16]",1,2,"[16, 128, 16]","[0.01, 0.0001, 0.05]",4391,0.62079512205326,0.008872714663661
216,150,1,"[128, 16, 16]","[0.1, 0.5, 0.1, 0.1, 0.1, 0.4]",0.005,64,"[23, 90, 10]","[122, 28, 11]",7,2,"[128, 64, 16]","[0.05, 0.0005, 0.001]",6703,0.497986965261321,0.037794175149634
